283,60,https://image.hmall.com/CO/EDITOR/20250327/132116496/20250327_132116496_94419.jpg,2,,2025-08-17 18:10:40,
284,60,https://image.hmall.com/CO/EDITOR/20250327/132121376/20250327_132121375_15631.jpg,3,,2025-08-17 18:10:40,
285,60,https://image.hmall.com/CO/EDITOR/20250327/132125090/20250327_132125090_45209.jpg,4,,2025-08-17 18:10:40,
286,60,https://image.hmall.com/CO/EDITOR/20250327/132132083/20250327_132132083_79484.jpg,5,,2025-08-17 18:10:40,
287,61,https://image.hmall.com/CO/EDITOR/20250327/125209451/20250327_125209451_13056.png,1,,2025-08-17 18:10:40,
288,61,https://image.hmall.com/CO/EDITOR/20250327/130222206/20250327_130222206_71452.jpg,2,,2025-08-17 18:10:40,
289,61,https://image.hmall.com/CO/EDITOR/20250327/130246049/20250327_130246049_40201.jpg,3,,2025-08-17 18:10:40,
290,61,https://image.hmall.com/CO/EDITOR/20250327/130259125/20250327_130259125_53405.jpg,4,,2025-08-17 18:10:40,
291,61,https://image.hmall.com/CO/EDITOR/20250327/130308165/20250327_130308165_81388.jpg,5,,2025-08-17 18:10:40,
292,62,https://image.hmall.com/CO/EDITOR/20250216/122809310/20250216_122809309_95200.png,1,,2025-08-17 18:10:40,
293,62,https://image.hmall.com/CO/EDITOR/20250327/124214239/20250327_124214239_17532.jpg,2,,2025-08-17 18:10:40,
294,62,https://image.hmall.com/CO/EDITOR/20250327/124218478/20250327_124218478_43142.jpg,3,,2025-08-17 18:10:40,
295,62,https://image.hmall.com/CO/EDITOR/20250327/124224106/20250327_124224105_34259.jpg,4,,2025-08-17 18:10:40,
296,62,https://image.hmall.com/CO/EDITOR/20250327/124233025/20250327_124233025_69745.jpg,5,,2025-08-17 18:10:40,
297,63,https://image.hmall.com/CO/EDITOR/20250216/122809310/20250216_122809309_95200.png,1,,2025-08-17 18:10:40,
298,63,https://image.hmall.com/CO/EDITOR/20250327/122545805/20250327_122545805_54824.jpg,2,,2025-08-17 18:10:40,
299,63,https://image.hmall.com/CO/EDITOR/20250327/122550994/20250327_122550994_65632.jpg,3,,2025-08-17 18:10:40,
300,63,https://image.hmall.com/CO/EDITOR/20250327/122555785/20250327_122555785_55446.jpg,4,,2025-08-17 18:10:40,
301,63,https://image.hmall.com/CO/EDITOR/20250327/122621323/20250327_122621323_52836.jpg,5,,2025-08-17 18:10:40,
302,64,https://image.hmall.com/CO/EDITOR/20250216/122809310/20250216_122809309_95200.png,1,,2025-08-17 18:10:40,
303,64,https://image.hmall.com/CO/EDITOR/20250327/115524880/20250327_115524880_89236.jpg,2,,2025-08-17 18:10:40,
304,64,https://image.hmall.com/CO/EDITOR/20250327/115539902/20250327_115539902_97692.jpg,3,,2025-08-17 18:10:40,
305,64,https://image.hmall.com/CO/EDITOR/20250327/115546012/20250327_115546012_38304.jpg,4,,2025-08-17 18:10:40,
306,64,https://image.hmall.com/CO/EDITOR/20250327/115551475/20250327_115551475_94043.jpg,5,,2025-08-17 18:10:40,
307,65,https://image.hmall.com/CO/EDITOR/20250326/150131882/20250326_150131882_67688.png,1,,2025-08-17 18:10:40,
308,65,https://image.hmall.com/CO/EDITOR/20250326/150255245/20250326_150255245_78668.jpg,2,,2025-08-17 18:10:40,
309,65,https://image.hmall.com/CO/EDITOR/20250326/150259319/20250326_150259319_65052.jpg,3,,2025-08-17 18:10:40,
310,65,https://image.hmall.com/CO/EDITOR/20250326/150302800/20250326_150302800_44414.jpg,4,,2025-08-17 18:10:40,
311,65,https://image.hmall.com/CO/EDITOR/20250326/150319341/20250326_150319341_86937.jpg,5,,2025-08-17 18:10:40,
312,66,https://image.hmall.com/CO/EDITOR/20250216/122809310/20250216_122809309_95200.png,1,,2025-08-17 18:10:40,
313,66,https://image.hmall.com/CO/EDITOR/20250326/145452866/20250326_145452866_42388.jpg,2,,2025-08-17 18:10:40,
314,66,https://image.hmall.com/CO/EDITOR/20250326/145457170/20250326_145457170_20683.jpg,3,,2025-08-17 18:10:40,
315,66,https://image.hmall.com/CO/EDITOR/20250326/145501233/20250326_145501233_41902.jpg,4,,2025-08-17 18:10:40,
316,66,https://image.hmall.com/CO/EDITOR/20250326/145507887/20250326_145507887_56257.jpg,5,,2025-08-17 18:10:40,
317,67,https://image.hmall.com/CO/EDITOR/20250326/143700086/20250326_143700086_54156.png,1,,2025-08-17 18:10:40,
318,67,https://image.hmall.com/CO/EDITOR/20250326/144005940/20250326_144005940_63671.jpg,2,,2025-08-17 18:10:40,
319,67,https://image.hmall.com/CO/EDITOR/20250326/144011008/20250326_144011008_88808.jpg,3,,2025-08-17 18:10:40,
320,67,https://image.hmall.com/CO/EDITOR/20250326/144015705/20250326_144015705_29094.jpg,4,,2025-08-17 18:10:40,
321,67,https://image.hmall.com/CO/EDITOR/20250326/144022834/20250326_144022834_34615.jpg,5,,2025-08-17 18:10:40,
322,68,https://image.hmall.com/CO/EDITOR/20250326/141200547/20250326_141200547_06576.png,1,,2025-08-17 18:10:40,
323,68,https://image.hmall.com/CO/EDITOR/20250326/141501930/20250326_141501930_62582.jpg,2,,2025-08-17 18:10:40,
324,68,https://image.hmall.com/CO/EDITOR/20250326/141335309/20250326_141335309_97213.jpg,3,,2025-08-17 18:10:40,
325,68,https://image.hmall.com/CO/EDITOR/20250326/141343139/20250326_141343139_53065.jpg,4,,2025-08-17 18:10:40,
326,68,https://image.hmall.com/CO/EDITOR/20250326/141348192/20250326_141348192_91690.jpg,5,,2025-08-17 18:10:40,
327,69,https://image.hmall.com/CO/EDITOR/20250326/131656273/20250326_131656273_24961.png,1,,2025-08-17 18:10:40,
328,69,https://image.hmall.com/CO/EDITOR/20250326/134001259/20250326_134001259_33277.jpg,2,,2025-08-17 18:10:40,
329,69,https://image.hmall.com/CO/EDITOR/20250326/134014998/20250326_134014998_52594.jpg,3,,2025-08-17 18:10:40,
330,70,https://image.hmall.com/CO/EDITOR/20250326/132548795/20250326_132548795_37842.png,1,,2025-08-17 18:10:40,
331,70,https://image.hmall.com/CO/EDITOR/20250326/132811357/20250326_132811357_56221.jpg,2,,2025-08-17 18:10:40,
332,70,https://image.hmall.com/CO/EDITOR/20250326/132827466/20250326_132827466_75285.jpg,3,,2025-08-17 18:10:40,
333,71,https://image.hmall.com/CO/EDITOR/20250326/131656273/20250326_131656273_24961.png,1,,2025-08-17 18:10:40,
334,71,https://image.hmall.com/CO/EDITOR/20250326/131813366/20250326_131813365_07749.jpg,2,,2025-08-17 18:10:40,
335,71,https://image.hmall.com/CO/EDITOR/20250326/131818337/20250326_131818336_76136.jpg,3,,2025-08-17 18:10:40,
336,71,https://image.hmall.com/CO/EDITOR/20250326/131824973/20250326_131824973_76520.jpg,4,,2025-08-17 18:10:40,
337,71,https://image.hmall.com/CO/EDITOR/20250326/131851886/20250326_131851886_89587.jpg,5,,2025-08-17 18:10:40,
338,72,https://image.hmall.com/CO/EDITOR/20250326/113926793/20250326_113926793_25982.png,1,,2025-08-17 18:10:40,
339,72,https://image.hmall.com/CO/EDITOR/20250326/125855889/20250326_125855889_50141.jpg,2,,2025-08-17 18:10:40,
340,72,https://image.hmall.com/CO/EDITOR/20250410/132129120/20250410_132129119_78952.jpg,3,,2025-08-17 18:10:40,
341,72,https://image.hmall.com/CO/EDITOR/20250410/132205488/20250410_132205488_11393.jpg,4,,2025-08-17 18:10:40,
342,72,https://image.hmall.com/CO/EDITOR/20250410/132210077/20250410_132210077_72526.jpg,5,,2025-08-17 18:10:40,
343,73,https://image.thehyundai.com/CO/EDITOR/20250205/152955906/yejwi.jpg,1,,2025-08-17 18:10:40,
344,73,https://image.thehyundai.com/CO/EDITOR/20250205/152925479/z4649.jpg,2,,2025-08-17 18:10:40,
345,74,https://image.thehyundai.com/CO/EDITOR/20250205/152014939/33gmf.jpg,1,,2025-08-17 18:10:40,
346,74,https://image.thehyundai.com/CO/EDITOR/20250205/152114372/6e0ez.jpg,2,,2025-08-17 18:10:40,
347,75,https://image.thehyundai.com/CO/EDITOR/20230427/164113577/i5v1j.jpg,1,,2025-08-17 18:10:40,
348,75,https://image.thehyundai.com/CO/EDITOR/20230427/164126165/l7ph1.jpg,2,,2025-08-17 18:10:40,
349,76,https://image.thehyundai.com/CO/EDITOR/20220426/113659459/85z67.jpg,1,,2025-08-17 18:10:40,
350,76,https://image.thehyundai.com/CO/EDITOR/20220426/113717755/19mp6.jpg,2,,2025-08-17 18:10:40,
351,76,https://image.thehyundai.com/CO/EDITOR/20220426/113813855/6iyrr.jpg,3,,2025-08-17 18:10:40,
352,77,https://image.thehyundai.com/CO/EDITOR/20230418/164233384/e4430.jpg,1,,2025-08-17 18:10:40,
353,77,https://image.thehyundai.com/CO/EDITOR/20230418/164244749/dh8b8.jpg,2,,2025-08-17 18:10:40,
354,78,https://image.thehyundai.com/CO/EDITOR/20220426/113522973/d14oq.jpg,1,,2025-08-17 18:10:40,
355,78,https://image.thehyundai.com/CO/EDITOR/20220426/113535116/89qap.jpg,2,,2025-08-17 18:10:40,
356,78,https://image.thehyundai.com/CO/EDITOR/20220426/113544405/qm222.jpg,3,,2025-08-17 18:10:40,
357,79,https://image.thehyundai.com/CO/EDITOR/20230407/155410831/428v3.jpg,1,,2025-08-17 18:10:40,
358,79,https://image.thehyundai.com/CO/EDITOR/20230407/155429362/3ir9e.jpg,2,,2025-08-17 18:10:40,
359,80,https://image.thehyundai.com/CO/EDITOR/20230425/15071885/94giv.jpg,1,,2025-08-17 18:10:40,
360,80,https://image.thehyundai.com/CO/EDITOR/20230425/150730664/h9847.jpg,2,,2025-08-17 18:10:40,
361,81,https://image.thehyundai.com/CO/EDITOR/20230425/150618836/3no1z.jpg,1,,2025-08-17 18:10:40,
362,81,https://image.thehyundai.com/CO/EDITOR/20230425/15063777/76184.jpg,2,,2025-08-17 18:10:40,
363,82,https://image.thehyundai.com/CO/EDITOR/20230425/150052271/3d0kq.jpg,1,,2025-08-17 18:10:40,
364,82,https://image.thehyundai.com/CO/EDITOR/20230425/150112914/cyl83.jpg,2,,2025-08-17 18:10:40,
365,83,https://img.jejejik.com/img/greaten/ekobo/738_delivery_info.jpg,1,,2025-08-17 18:10:41,
366,83,https://img.jejejik.com/img/greaten/ekobo/738_issue.jpg,2,,2025-08-17 18:10:41,
367,83,https://img.jejejik.com/img/greaten/ekobo/738_issue2.jpg,3,,2025-08-17 18:10:41,
368,83,https://img.jejejik.com/img/greaten/ekobo/kids_smallcup/738_kids_smallcup_01.jpg,4,,2025-08-17 18:10:41,
369,83,https://img.jejejik.com/img/greaten/ekobo/kids_smallcup/738_kids_smallcup_02.jpg,5,,2025-08-17 18:10:41,
370,84,https://image.thehyundai.com/CO/EDITOR/20220713/153329508/q3zyz.jpg,1,,2025-08-17 18:10:41,
371,84,https://image.thehyundai.com/CO/EDITOR/20220713/153333867/8v200.jpg,2,,2025-08-17 18:10:41,
372,84,https://image.thehyundai.com/CO/EDITOR/20220713/153338338/e9y63.jpg,3,,2025-08-17 18:10:41,
373,85,https://image.thehyundai.com/CO/EDITOR/20220713/152617167/2d89z.jpg,1,,2025-08-17 18:10:41,
374,85,https://image.thehyundai.com/CO/EDITOR/20220713/15262174/3byk5.jpg,2,,2025-08-17 18:10:41,
375,85,https://image.thehyundai.com/CO/EDITOR/20220713/15262653/xb011.jpg,3,,2025-08-17 18:10:41,
376,86,https://img.jejejik.com/img/greaten/ekobo/kids_set/738_kids_set_01.jpg,1,,2025-08-17 18:10:41,
377,86,https://img.jejejik.com/img/greaten/ekobo/kids_set/738_kids_set_02.jpg,2,,2025-08-17 18:10:41,
378,86,https://img.jejejik.com/img/greaten/ekobo/kids_set/738_kids_set_03.jpg,3,,2025-08-17 18:10:41,
379,86,https://img.jejejik.com/img/greaten/ekobo/kids_set/738_kids_set_04.jpg,4,,2025-08-17 18:10:41,
380,86,https://img.jejejik.com/img/greaten/ekobo/kids_set/738_kids_set_05.jpg,5,,2025-08-17 18:10:41,
381,87,https://image.thehyundai.com/CO/EDITOR/20220713/151732400/ub72p.jpg,1,,2025-08-17 18:10:41,
382,87,https://image.thehyundai.com/CO/EDITOR/20220713/151737207/mly25.jpg,2,,2025-08-17 18:10:41,
383,87,https://image.thehyundai.com/CO/EDITOR/20220713/151742234/xj7gu.jpg,3,,2025-08-17 18:10:41,
384,88,https://image.thehyundai.com/CO/EDITOR/20220713/151610169/0lvp1.jpg,1,,2025-08-17 18:10:41,
385,88,https://image.thehyundai.com/CO/EDITOR/20220713/151615439/zg2zp.jpg,2,,2025-08-17 18:10:41,
386,88,https://image.thehyundai.com/CO/EDITOR/20220713/151619769/t7cct.jpg,3,,2025-08-17 18:10:41,
387,89,https://image.thehyundai.com/CO/EDITOR/20220713/151258159/3ir7a.jpg,1,,2025-08-17 18:10:41,
388,89,https://image.thehyundai.com/CO/EDITOR/20220713/151303154/w9p2j.jpg,2,,2025-08-17 18:10:41,
389,89,https://image.thehyundai.com/CO/EDITOR/20220713/151310405/f0mey.jpg,3,,2025-08-17 18:10:41,
390,90,https://image.thehyundai.com/CO/EDITOR/20220713/150702172/mhq6s.jpg,1,,2025-08-17 18:10:41,
391,90,https://image.thehyundai.com/CO/EDITOR/20220713/150706280/z4613.jpg,2,,2025-08-17 18:10:41,
392,90,https://image.thehyundai.com/CO/EDITOR/20220713/150710961/32xyp.jpg,3,,2025-08-17 18:10:41,
393,91,https://image.thehyundai.com/CO/EDITOR/20220713/150102357/4qt23.jpg,1,,2025-08-17 18:10:41,
394,91,https://image.thehyundai.com/CO/EDITOR/20220713/150107860/v549w.jpg,2,,2025-08-17 18:10:41,
395,91,https://image.thehyundai.com/CO/EDITOR/20220713/150112392/i92op.jpg,3,,2025-08-17 18:10:41,
396,92,https://image.thehyundai.com/CO/EDITOR/20220713/145734975/5o3qe.jpg,1,,2025-08-17 18:10:41,
397,92,https://image.thehyundai.com/CO/EDITOR/20220713/145739936/2qz31.jpg,2,,2025-08-17 18:10:41,
398,92,https://image.thehyundai.com/CO/EDITOR/20220713/145744212/49h59.jpg,3,,2025-08-17 18:10:41,
399,93,https://image.thehyundai.com/CO/EDITOR/20220713/145536640/7m77v.jpg,1,,2025-08-17 18:10:41,
400,93,https://image.thehyundai.com/CO/EDITOR/20220713/145540704/9b86g.jpg,2,,2025-08-17 18:10:41,
401,93,https://image.thehyundai.com/CO/EDITOR/20220713/145545135/2t0g1.jpg,3,,2025-08-17 18:10:41,
402,94,https://image.thehyundai.com/CO/EDITOR/20220713/144904322/6f61h.jpg,1,,2025-08-17 18:10:41,
403,94,https://image.thehyundai.com/CO/EDITOR/20220713/144910178/zpd47.jpg,2,,2025-08-17 18:10:41,
404,94,https://image.thehyundai.com/CO/EDITOR/20220713/144914692/8zmnk.jpg,3,,2025-08-17 18:10:41,
405,95,https://image.thehyundai.com/CO/EDITOR/20220713/144618747/8w224.jpg,1,,2025-08-17 18:10:41,
406,95,https://image.thehyundai.com/CO/EDITOR/20220713/144623112/79968.jpg,2,,2025-08-17 18:10:41,
407,95,https://image.thehyundai.com/CO/EDITOR/20220713/14463118/qze6b.jpg,3,,2025-08-17 18:10:41,
408,96,https://image.thehyundai.com/CO/EDITOR/20220713/143936268/dxx7m.jpg,1,,2025-08-17 18:10:41,
409,96,https://image.thehyundai.com/CO/EDITOR/20220713/143940419/s663a.jpg,2,,2025-08-17 18:10:41,
410,96,https://image.thehyundai.com/CO/EDITOR/20220713/143945348/pu4z1.jpg,3,,2025-08-17 18:10:41,
411,97,https://image.thehyundai.com/CO/EDITOR/20220713/142631550/74g9n.jpg,1,,2025-08-17 18:10:41,
412,97,https://image.thehyundai.com/CO/EDITOR/20220713/142636183/t3682.jpg,2,,2025-08-17 18:10:41,
413,97,https://image.thehyundai.com/CO/EDITOR/20220713/14264267/e22qg.jpg,3,,2025-08-17 18:10:41,
414,98,https://image.thehyundai.com/CO/EDITOR/20220713/142512392/9x29d.jpg,1,,2025-08-17 18:10:41,
415,98,https://image.thehyundai.com/CO/EDITOR/20220713/142516752/21yf3.jpg,2,,2025-08-17 18:10:41,
416,98,https://image.thehyundai.com/CO/EDITOR/20220713/142521296/4zsp6.jpg,3,,2025-08-17 18:10:41,
417,99,https://image.thehyundai.com/CO/EDITOR/20220713/142226450/2dh66.jpg,1,,2025-08-17 18:10:41,
418,99,https://image.thehyundai.com/CO/EDITOR/20220713/142231468/thg9u.jpg,2,,2025-08-17 18:10:41,
419,99,https://image.thehyundai.com/CO/EDITOR/20220713/142235759/e40it.jpg,3,,2025-08-17 18:10:41,
420,100,https://img.jejejik.com/img/greaten/ekobo/kids_set(jennifer_bouron)/780_kids_set(jennifer_bouron)_01.jpg,1,,2025-08-17 18:10:41,
421,100,https://img.jejejik.com/img/greaten/ekobo/kids_set(jennifer_bouron)/780_kids_set(jennifer_bouron)_02.jpg,2,,2025-08-17 18:10:41,
422,100,https://img.jejejik.com/img/greaten/ekobo/kids_set(jennifer_bouron)/780_kids_set(jennifer_bouron)_03.jpg,3,,2025-08-17 18:10:41,
423,100,https://img.jejejik.com/img/greaten/ekobo/kids_set(jennifer_bouron)/780_kids_set(jennifer_bouron)_04.jpg,4,,2025-08-17 18:10:41,
424,100,https://img.jejejik.com/img/greaten/ekobo/kids_set(jennifer_bouron)/780_kids_set(jennifer_bouron)_05.jpg,5,,2025-08-17 18:10:41,
431,103,http://imageisoi.cafe24.com/images/kej_isoi/1_event/B_event_800.jpg,1,,2025-08-17 18:32:48,
432,103,http://imageisoi.cafe24.com/images/kej_isoi/moisture_Dr/25_MD_mask_01.jpg,2,,2025-08-17 18:32:48,
433,103,http://imageisoi.cafe24.com/images/kej_isoi/moisture_Dr/25_MD_mask_02.jpg,3,,2025-08-17 18:32:48,
434,103,http://imageisoi.cafe24.com/images/kej_isoi/moisture_Dr/25_MD_mask_03.jpg,4,,2025-08-17 18:32:48,
435,103,http://imageisoi.cafe24.com/images/kej_isoi/branding.jpg,5,,2025-08-17 18:32:48,
436,104,http://imageisoi.cafe24.com/images/kej_isoi/1_event/B_event_800.jpg,1,,2025-08-17 18:32:48,
437,104,http://imageisoi.cafe24.com/images/kej_isoi/blemishcare/m_blemishpad_01.jpg,2,,2025-08-17 18:32:48,
438,104,http://imageisoi.cafe24.com/images/kej_isoi/blemishcare/m_blemishpad_02.jpg,3,,2025-08-17 18:32:48,
439,104,http://imageisoi.cafe24.com/images/kej_isoi/blemishcare/m_blemishpad_03.jpg,4,,2025-08-17 18:32:48,
440,104,http://imageisoi.cafe24.com/images/kej_isoi/blemishcare/m_blemishpad_04.jpg,5,,2025-08-17 18:32:48,
441,105,http://imageisoi.cafe24.com/images/kej_isoi/1_event/B_event_800.jpg,1,,2025-08-17 18:32:48,
442,105,http://imageisoi.cafe24.com/images/kej_isoi/acni/m_acnipad_01_new.jpg,2,,2025-08-17 18:32:48,
443,105,http://imageisoi.cafe24.com/images/kej_isoi/acni/m_acnipad_02.jpg,3,,2025-08-17 18:32:48,
444,105,http://imageisoi.cafe24.com/images/kej_isoi/acni/m_acnipad_03.jpg,4,,2025-08-17 18:32:48,
445,105,http://imageisoi.cafe24.com/images/kej_isoi/acni/m_acnipad_04.gif,5,,2025-08-17 18:32:48,
446,106,http://imageisoi.cafe24.com/images/kej_isoi/1_event/B_event_800.jpg,1,,2025-08-17 18:32:48,
447,106,http://imageisoi.cafe24.com/images/kej_isoi/makeup/Vegan_zero_Cushion.jpg,2,,2025-08-17 18:32:48,
448,106,http://imageisoi.cafe24.com/images/kej_isoi/branding.jpg,3,,2025-08-17 18:32:48,
449,106,http://imageisoi.cafe24.com/images/kej_isoi/notitititititi.jpg,4,,2025-08-17 18:32:48,
450,107,http://imageisoi.cafe24.com/images/kej_isoi/1_event/B_event_800.jpg,1,,2025-08-17 18:32:48,
451,107,http://imageisoi.cafe24.com/images/kej_isoi/pha/pha_cleansing_pad_01.jpg,2,,2025-08-17 18:32:48,
452,107,http://imageisoi.cafe24.com/images/kej_isoi/pha/pha_cleansing_pad_02.jpg,3,,2025-08-17 18:32:48,
453,107,http://imageisoi.cafe24.com/images/kej_isoi/pha/pha_cleansing_pad_03.gif,4,,2025-08-17 18:32:48,
454,107,http://imageisoi.cafe24.com/images/kej_isoi/pha/pha_cleansing_pad_04.jpg,5,,2025-08-17 18:32:48,
455,108,http://imageisoi.cafe24.com/images/kej_isoi/1_event/B_event_800.jpg,1,,2025-08-17 18:32:48,
456,108,http://imageisoi.cafe24.com/images/kej_isoi/acni/2507_acni_control_serum_01.jpg,2,,2025-08-17 18:32:48,
457,108,http://imageisoi.cafe24.com/images/kej_isoi/acni/2507_acni_control_serum_02.jpg,3,,2025-08-17 18:32:48,
458,108,http://imageisoi.cafe24.com/images/kej_isoi/acni/2507_acni_control_serum_03.jpg,4,,2025-08-17 18:32:48,
459,108,http://imageisoi.cafe24.com/images/kej_isoi/acni/2507_acni_control_serum_04.jpg,5,,2025-08-17 18:32:48,
460,109,http://imageisoi.cafe24.com/images/kej_isoi/1_event/B_event_800.jpg,1,,2025-08-17 18:32:48,
461,109,http://imageisoi.cafe24.com/images/kej_isoi/intensive/m_Intensive_multibalm_01.jpg,2,,2025-08-17 18:32:48,
462,109,http://imageisoi.cafe24.com/images/kej_isoi/intensive/m_Intensive_multibalm_02.gif,3,,2025-08-17 18:32:48,
463,109,http://imageisoi.cafe24.com/images/kej_isoi/intensive/m_Intensive_multibalm_03.gif,4,,2025-08-17 18:32:48,
464,109,http://imageisoi.cafe24.com/images/kej_isoi/intensive/m_Intensive_multibalm_04.jpg,5,,2025-08-17 18:32:48,
465,110,http://imageisoi.cafe24.com/images/kej_isoi/1_event/B_event_800.jpg,1,,2025-08-17 18:32:48,
466,110,http://imageisoi.cafe24.com/images/kej_isoi/moisture_Dr/25_MD_cream_01.jpg,2,,2025-08-17 18:32:48,
467,110,http://imageisoi.cafe24.com/images/kej_isoi/moisture_Dr/25_MD_cream_02.jpg,3,,2025-08-17 18:32:48,
468,110,http://imageisoi.cafe24.com/images/kej_isoi/moisture_Dr/25_MD_cream_03.jpg,4,,2025-08-17 18:32:48,
469,110,http://imageisoi.cafe24.com/images/kej_isoi/moisture_Dr/25_MD_cream_04.jpg,5,,2025-08-17 18:32:48,
470,111,http://imageisoi.cafe24.com/images/kej_isoi/1_event/B_event_800.jpg,1,,2025-08-17 18:32:49,
471,111,http://imageisoi.cafe24.com/images/kej_isoi/hair/shampoobar_01.jpg,2,,2025-08-17 18:32:49,
472,111,http://imageisoi.cafe24.com/images/kej_isoi/hair/shampoobar_02.jpg,3,,2025-08-17 18:32:49,
473,111,http://imageisoi.cafe24.com/images/kej_isoi/hair/shampoobar_03.gif,4,,2025-08-17 18:32:49,
474,111,http://imageisoi.cafe24.com/images/kej_isoi/hair/shampoobar_04.jpg,5,,2025-08-17 18:32:49,
475,112,https://gi.esmplus.com/isoi4302/2023_11_BSD/image1/2311_bsd/g231103.jpg,1,,2025-08-17 18:32:49,
476,112,http://imageisoi.cafe24.com/images/kej_isoi/1_event/B_event_800.jpg,2,,2025-08-17 18:32:49,
477,112,http://imageisoi.cafe24.com/images/kej_isoi/moisture_Dr/Dr_cream_00.jpg,3,,2025-08-17 18:32:49,
478,112,http://imageisoi.cafe24.com/images/kej_isoi/moisture_Dr/Dr_cream_45ml_01.jpg,4,,2025-08-17 18:32:49,
479,112,http://imageisoi.cafe24.com/images/kej_isoi/moisture_Dr/Dr_cream_45ml_02.gif,5,,2025-08-17 18:32:49,
480,113,http://imageisoi.cafe24.com/images/kej_isoi/1_event/B_event_800.jpg,1,,2025-08-17 18:32:49,
481,113,http://imageisoi.cafe24.com/images/kej_isoi/makeup/Vegan_zero_Cushion.jpg,2,,2025-08-17 18:32:49,
482,113,http://imageisoi.cafe24.com/images/kej_isoi/branding.jpg,3,,2025-08-17 18:32:49,
483,113,http://imageisoi.cafe24.com/images/kej_isoi/notitititititi.jpg,4,,2025-08-17 18:32:49,
484,114,http://imageisoi.cafe24.com/images/kej_isoi/1_event/B_event_800.jpg,1,,2025-08-17 18:32:49,
485,114,http://imageisoi.cafe24.com/images/kej_isoi/moisture_Dr/25_MD_toner_01.jpg,2,,2025-08-17 18:32:49,
486,114,http://imageisoi.cafe24.com/images/kej_isoi/moisture_Dr/25_MD_toner_02.jpg,3,,2025-08-17 18:32:49,
487,114,http://imageisoi.cafe24.com/images/kej_isoi/branding.jpg,4,,2025-08-17 18:32:49,
488,114,http://imageisoi.cafe24.com/images/kej_isoi/notitititititi.jpg,5,,2025-08-17 18:32:49,
489,115,http://imageisoi.cafe24.com/images/kej_isoi/1_event/B_event_800.jpg,1,,2025-08-17 18:32:49,
490,115,http://imageisoi.cafe24.com/images/kej_isoi/moisture_Dr/25_MD_ample_01.jpg,2,,2025-08-17 18:32:49,
491,115,http://imageisoi.cafe24.com/images/kej_isoi/moisture_Dr/25_MD_ample_02.jpg,3,,2025-08-17 18:32:49,
492,115,http://imageisoi.cafe24.com/images/kej_isoi/branding.jpg,4,,2025-08-17 18:32:49,
493,115,http://imageisoi.cafe24.com/images/kej_isoi/notitititititi.jpg,5,,2025-08-17 18:32:49,
494,116,https://image.thehyundai.com/static/1/0/7/36/A1/40A1367018_0_480.jpg,1,,2025-08-17 18:32:49,
495,116,https://image.thehyundai.com/static/7/4/1/78/A0/40A0781470_0_480.jpg,2,,2025-08-17 18:32:49,
496,116,https://image.thehyundai.com/static/4/9/8/26/A0/40A0268940_0_480.jpg,3,,2025-08-17 18:32:49,
497,116,https://image.thehyundai.com/static/3/0/8/08/A2/40A2088032_0_480.jpg,4,,2025-08-17 18:32:49,
498,116,https://image.thehyundai.com/static/3/7/9/64/A1/40A1649734_0_480.jpg,5,,2025-08-17 18:32:49,
499,117,http://imageisoi.cafe24.com/images/kej_isoi/1_event/B_event_800.jpg,1,,2025-08-17 18:32:49,
425,101,https://image.thehyundai.com/CO/EDITOR/20220713/15491867/wg5f0.jpg,1,,2025-08-17 18:10:41,
426,101,https://image.thehyundai.com/CO/EDITOR/20220713/154923606/z6vk3.jpg,2,,2025-08-17 18:10:41,
427,101,https://image.thehyundai.com/CO/EDITOR/20220713/15492826/19oc8.jpg,3,,2025-08-17 18:10:41,
428,102,https://image.thehyundai.com/CO/EDITOR/20220713/133015187/e3p1u.jpg,1,,2025-08-17 18:10:41,
429,102,https://image.thehyundai.com/CO/EDITOR/20220713/133021809/6536b.jpg,2,,2025-08-17 18:10:41,
430,102,https://image.thehyundai.com/CO/EDITOR/20220713/133044230/00nhv.jpg,3,,2025-08-17 18:10:41,
517,120,http://imageisoi.cafe24.com/images/kej_isoi/intensive/m_energizingcream_01_03.jpg,4,,2025-08-17 18:32:49,
518,120,http://imageisoi.cafe24.com/images/kej_isoi/intensive/m_energizingcream_01_04.jpg,5,,2025-08-17 18:32:49,
519,121,http://imageisoi.cafe24.com/images/kej_isoi/1_event/B_event_800.jpg,1,,2025-08-17 18:32:49,
520,121,http://imageisoi.cafe24.com/images/kej_isoi/acni/m_acnispot_01.jpg,2,,2025-08-17 18:32:49,
521,121,http://imageisoi.cafe24.com/images/kej_isoi/acni/m_acnispot_02.jpg,3,,2025-08-17 18:32:49,
522,121,http://imageisoi.cafe24.com/images/kej_isoi/acni/m_acnispot_03.jpg,4,,2025-08-17 18:32:49,
523,121,http://imageisoi.cafe24.com/images/kej_isoi/branding.jpg,5,,2025-08-17 18:32:49,
524,122,http://imageisoi.cafe24.com/images/kej_isoi/1_event/B_event_800.jpg,1,,2025-08-17 18:32:49,
525,122,http://imageisoi.cafe24.com/images/kej_isoi/blemishcare/2507_BR_SERUM_01.jpg,2,,2025-08-17 18:32:49,
526,122,http://imageisoi.cafe24.com/images/kej_isoi/blemishcare/2507_BR_SERUM_02.jpg,3,,2025-08-17 18:32:49,
527,122,http://imageisoi.cafe24.com/images/kej_isoi/blemishcare/2507_BR_SERUM_03.jpg,4,,2025-08-17 18:32:49,
528,122,http://imageisoi.cafe24.com/images/kej_isoi/blemishcare/2507_BR_SERUM_04.jpg,5,,2025-08-17 18:32:49,
529,123,http://imageisoi.cafe24.com/images/kej_isoi/1_event/B_event_800.jpg,1,,2025-08-17 18:32:49,
530,123,http://imageisoi.cafe24.com/images/kej_isoi/intensive/m_energizingcream_01_01.jpg,2,,2025-08-17 18:32:49,
531,123,http://imageisoi.cafe24.com/images/kej_isoi/intensive/m_energizingcream_01_02.jpg,3,,2025-08-17 18:32:49,
532,123,http://imageisoi.cafe24.com/images/kej_isoi/intensive/m_energizingcream_01_03.jpg,4,,2025-08-17 18:32:49,
533,123,http://imageisoi.cafe24.com/images/kej_isoi/intensive/m_energizingcream_01_04.jpg,5,,2025-08-17 18:32:49,
534,124,http://imageisoi.cafe24.com/images/kej_isoi/1_event/B_event_800.jpg,1,,2025-08-17 18:32:49,
535,124,http://imageisoi.cafe24.com/images/kej_isoi/intensive/Intensive_LiftingSpot_L_35ml.jpg,2,,2025-08-17 18:32:49,
536,124,http://imageisoi.cafe24.com/images/kej_isoi/intensive/m_IntensiveLiftingSerum_01.jpg,3,,2025-08-17 18:32:49,
537,124,http://imageisoi.cafe24.com/images/kej_isoi/intensive/m_IntensiveLiftingSerum_02.jpg,4,,2025-08-17 18:32:49,
538,124,http://imageisoi.cafe24.com/images/kej_isoi/intensive/m_IntensiveLiftingSerum_03.jpg,5,,2025-08-17 18:32:49,
539,125,http://img.lush.co.kr/pns/good_720px/etc/17_720_top_d.jpg,1,,2025-08-17 18:32:49,
540,125,http://img.lush.co.kr/pns/good_720px/lushstory/thehdot_bn.jpg,2,,2025-08-17 18:32:49,
541,125,http://img.lush.co.kr/pns/good_720px/shower/22comingle_720.jpg,3,,2025-08-17 18:32:49,
542,125,http://img.lush.co.kr/pns/good_720px/etc/2015_720_bottom.jpg,4,,2025-08-17 18:32:49,
543,125,http://img.lush.co.kr/pns/good_720px/etc/17_720_notice_d.jpg,5,,2025-08-17 18:32:49,
544,126,http://img.lush.co.kr/pns/good_720px/etc/17_720_top_d.jpg,1,,2025-08-17 18:32:49,
545,126,http://img.lush.co.kr/pns/good_720px/lushstory/thehdot_bn.jpg,2,,2025-08-17 18:32:49,
546,126,http://img.lush.co.kr/pns/good_720px/hair/20supermilk_720.jpg,3,,2025-08-17 18:32:49,
547,126,http://img.lush.co.kr/pns/good_720px/etc/2015_720_bottom.jpg,4,,2025-08-17 18:32:49,
548,126,http://img.lush.co.kr/pns/good_720px/etc/17_720_notice_d.jpg,5,,2025-08-17 18:32:49,
549,127,http://img.lush.co.kr/pns/good_720px/etc/17_720_top_d.jpg,1,,2025-08-17 18:32:49,
550,127,http://img.lush.co.kr/pns/good_720px/lushstory/thehdot_bn.jpg,2,,2025-08-17 18:32:49,
551,127,http://img.lush.co.kr/pns/good_720px/body/20beautysleep_720.jpg,3,,2025-08-17 18:32:49,
552,127,http://img.lush.co.kr/pns/good_720px/etc/2015_720_bottom.jpg,4,,2025-08-17 18:32:49,
553,127,http://img.lush.co.kr/pns/good_720px/etc/17_720_notice_d.jpg,5,,2025-08-17 18:32:49,
554,128,http://img.lush.co.kr/pns/good_720px/etc/17_720_top_d.jpg,1,,2025-08-17 18:32:49,
555,128,http://img.lush.co.kr/pns/good_720px/lushstory/thehdot_bn.jpg,2,,2025-08-17 18:32:49,
556,128,http://img.lush.co.kr/pns/good_720px/christmas/20orangeshowerscrub_720.jpg,3,,2025-08-17 18:32:49,
557,128,http://img.lush.co.kr/pns/good_720px/etc/2015_720_bottom.jpg,4,,2025-08-17 18:32:49,
558,128,http://img.lush.co.kr/pns/good_720px/etc/17_720_notice_d.jpg,5,,2025-08-17 18:32:49,
559,129,http://img.lush.co.kr/pns/good_720px/etc/17_720_top_d.jpg,1,,2025-08-17 18:32:49,
560,129,http://img.lush.co.kr/pns/good_720px/lushstory/thehdot_bn.jpg,2,,2025-08-17 18:32:49,
561,129,http://img.lush.co.kr/pns/good_720px/perfume/20sakura_spray_720.jpg,3,,2025-08-17 18:32:49,
562,129,http://img.lush.co.kr/pns/good_720px/etc/2015_720_bottom.jpg,4,,2025-08-17 18:32:49,
563,129,http://img.lush.co.kr/pns/good_720px/etc/17_720_notice_d.jpg,5,,2025-08-17 18:32:49,
564,130,http://img.lush.co.kr/pns/good_720px/etc/17_720_top_d.jpg,1,,2025-08-17 18:32:49,
565,130,http://img.lush.co.kr/pns/good_720px/lushstory/thehdot_bn.jpg,2,,2025-08-17 18:32:49,
566,130,http://img.lush.co.kr/pns/good_720px/bath/20sleepy_bar_720.jpg,3,,2025-08-17 18:32:49,
567,130,http://img.lush.co.kr/pns/good_720px/etc/2015_720_bottom.jpg,4,,2025-08-17 18:32:49,
568,130,http://img.lush.co.kr/pns/good_720px/etc/17_720_notice_d.jpg,5,,2025-08-17 18:32:49,
569,131,http://img.lush.co.kr/pns/good_720px/etc/17_720_top_d.jpg,1,,2025-08-17 18:32:49,
570,131,http://img.lush.co.kr/pns/good_720px/lushstory/thehdot_bn.jpg,2,,2025-08-17 18:32:49,
571,131,http://img.lush.co.kr/pns/good_720px/body/18sleepy_720.jpg,3,,2025-08-17 18:32:49,
572,131,http://img.lush.co.kr/pns/good_720px/etc/2015_720_bottom.jpg,4,,2025-08-17 18:32:49,
573,131,http://img.lush.co.kr/pns/good_720px/etc/17_720_notice_d.jpg,5,,2025-08-17 18:32:49,
500,117,http://imageisoi.cafe24.com/images/kej_isoi/intensive/m_energizingcream_01_01.jpg,2,,2025-08-17 18:32:49,
501,117,http://imageisoi.cafe24.com/images/kej_isoi/intensive/m_energizingcream_01_02.jpg,3,,2025-08-17 18:32:49,
502,117,http://imageisoi.cafe24.com/images/kej_isoi/intensive/m_energizingcream_01_03.jpg,4,,2025-08-17 18:32:49,
503,117,http://imageisoi.cafe24.com/images/kej_isoi/intensive/m_energizingcream_01_04.jpg,5,,2025-08-17 18:32:49,
504,118,http://imageisoi.cafe24.com/images/kej_isoi/1_event/B_event_800.jpg,1,,2025-08-17 18:32:49,
505,118,http://imageisoi.cafe24.com/images/kej_isoi/cicago/250718_cica_veganlotion_01.jpg,2,,2025-08-17 18:32:49,
506,118,http://imageisoi.cafe24.com/images/kej_isoi/cicago/250718_cica_veganlotion_02.jpg,3,,2025-08-17 18:32:49,
507,118,http://imageisoi.cafe24.com/images/kej_isoi/cicago/250718_cica_veganlotion_03.jpg,4,,2025-08-17 18:32:49,
508,118,http://imageisoi.cafe24.com/images/kej_isoi/cicago/250718_cica_veganlotion_04.jpg,5,,2025-08-17 18:32:49,
509,119,https://image.thehyundai.com/static/5/8/9/24/A1/40A1249850_0_480.jpg,1,,2025-08-17 18:32:49,
510,119,https://image.thehyundai.com/static/0/7/4/34/A1/40A1344701_0_480.jpg,2,,2025-08-17 18:32:49,
511,119,https://image.thehyundai.com/static/3/5/8/08/A2/40A2088532_0_480.jpg,3,,2025-08-17 18:32:49,
512,119,https://image.thehyundai.com/static/4/6/3/56/A1/60A1563648_0_480.jpg,4,,2025-08-17 18:32:49,
513,119,https://image.thehyundai.com/static/8/4/4/11/A2/40A2114483_0_480.jpg,5,,2025-08-17 18:32:49,
514,120,http://imageisoi.cafe24.com/images/kej_isoi/1_event/B_event_800.jpg,1,,2025-08-17 18:32:49,
515,120,http://imageisoi.cafe24.com/images/kej_isoi/intensive/m_energizingcream_01_01.jpg,2,,2025-08-17 18:32:49,
516,120,http://imageisoi.cafe24.com/images/kej_isoi/intensive/m_energizingcream_01_02.jpg,3,,2025-08-17 18:32:49,
574,132,http://img.lush.co.kr/pns/good_720px/etc/17_720_top_d.jpg,1,,2025-08-17 18:32:49,
575,132,http://img.lush.co.kr/pns/good_720px/lushstory/thehdot_bn.jpg,2,,2025-08-17 18:32:49,
576,132,http://img.lush.co.kr/pns/good_720px/bath/18intergalactic_720.jpg,3,,2025-08-17 18:32:49,
233,49,https://image.hmall.com/CO/EDITOR/20250225/142813496/20250225_142813496_38429.png,1,,2025-08-17 18:10:39,
234,49,https://image.hmall.com/CO/EDITOR/20250403/110932881/20250403_110932881_18194.jpg,2,,2025-08-17 18:10:39,
235,49,https://image.hmall.com/CO/EDITOR/20250403/110939543/20250403_110939543_66983.jpg,3,,2025-08-17 18:10:39,
236,49,https://image.hmall.com/CO/EDITOR/20250403/110945090/20250403_110945090_03220.jpg,4,,2025-08-17 18:10:39,
237,49,https://image.hmall.com/CO/EDITOR/20250403/110949768/20250403_110949768_67253.jpg,5,,2025-08-17 18:10:39,
238,50,https://image.hmall.com/CO/EDITOR/20250403/104731850/20250403_104731850_63473.png,1,,2025-08-17 18:10:39,
239,50,https://image.hmall.com/CO/EDITOR/20250403/104833677/20250403_104833677_32251.jpg,2,,2025-08-17 18:10:39,
240,50,https://image.hmall.com/CO/EDITOR/20250419/154433130/20250419_154433130_88338.jpg,3,,2025-08-17 18:10:39,
241,50,https://image.hmall.com/CO/EDITOR/20250419/154528080/20250419_154528080_61499.jpg,4,,2025-08-17 18:10:39,
242,50,https://image.hmall.com/CO/EDITOR/20250419/154743448/20250419_154743448_10263.jpg,5,,2025-08-17 18:10:39,
243,51,https://image.hmall.com/CO/EDITOR/20250401/130501553/20250401_130501553_27636.png,1,,2025-08-17 18:10:39,
244,51,https://image.hmall.com/CO/EDITOR/20250401/130650349/20250401_130650349_26921.jpg,2,,2025-08-17 18:10:39,
245,51,https://image.hmall.com/CO/EDITOR/20250401/130700312/20250401_130700312_31880.jpg,3,,2025-08-17 18:10:39,
246,51,https://image.hmall.com/CO/EDITOR/20250401/130704279/20250401_130704278_79715.jpg,4,,2025-08-17 18:10:39,
247,51,https://image.hmall.com/CO/EDITOR/20250401/130713239/20250401_130713239_75510.jpg,5,,2025-08-17 18:10:39,
248,52,https://image.hmall.com/CO/EDITOR/20250331/152745675/20250331_152745675_13959.png,1,,2025-08-17 18:10:39,
249,52,https://image.hmall.com/CO/EDITOR/20250331/152900760/20250331_152900760_57777.jpg,2,,2025-08-17 18:10:39,
250,52,https://image.hmall.com/CO/EDITOR/20250331/152909261/20250331_152909261_78879.jpg,3,,2025-08-17 18:10:39,
251,52,https://image.hmall.com/CO/EDITOR/20250331/152913688/20250331_152913688_41178.jpg,4,,2025-08-17 18:10:39,
252,52,https://image.hmall.com/CO/EDITOR/20250331/152923253/20250331_152923253_14628.jpg,5,,2025-08-17 18:10:39,
253,53,https://image.hmall.com/CO/EDITOR/20241001/132207543/20241001_132207543_93206.png,1,,2025-08-17 18:10:39,
254,53,https://image.hmall.com/CO/EDITOR/20250331/134343237/20250331_134343237_38773.jpg,2,,2025-08-17 18:10:39,
255,53,https://image.hmall.com/CO/EDITOR/20250331/134348979/20250331_134348979_49118.jpg,3,,2025-08-17 18:10:39,
256,53,https://image.hmall.com/CO/EDITOR/20250331/134356990/20250331_134356990_05205.jpg,4,,2025-08-17 18:10:39,
257,53,https://image.hmall.com/CO/EDITOR/20250331/134418505/20250331_134418505_25695.jpg,5,,2025-08-17 18:10:39,
258,54,https://image.hmall.com/CO/EDITOR/20240914/165722160/20240914_165722160_84747.png,1,,2025-08-17 18:10:39,
259,54,https://image.hmall.com/CO/EDITOR/20250331/132735596/20250331_132735596_28517.jpg,2,,2025-08-17 18:10:39,
260,55,https://image.hmall.com/CO/EDITOR/20240914/165722160/20240914_165722160_84747.png,1,,2025-08-17 18:10:39,
261,55,https://image.hmall.com/CO/EDITOR/20250331/132735596/20250331_132735596_28517.jpg,2,,2025-08-17 18:10:39,
262,56,https://image.hmall.com/CO/EDITOR/20250204/144435265/20250204_144435265_58617.png,1,,2025-08-17 18:10:40,
263,56,https://image.hmall.com/CO/EDITOR/20250204/144559735/20250204_144559735_53635.jpg,2,,2025-08-17 18:10:40,
264,56,https://image.hmall.com/CO/EDITOR/20250204/144559910/20250204_144559910_29427.jpg,3,,2025-08-17 18:10:40,
265,56,https://image.hmall.com/CO/EDITOR/20250204/144600100/20250204_144600100_39644.jpg,4,,2025-08-17 18:10:40,
266,56,https://image.hmall.com/CO/EDITOR/20250220/153036582/20250220_153036582_25573.jpg,5,,2025-08-17 18:10:40,
267,57,https://image.hmall.com/CO/EDITOR/20250327/143537378/20250327_143537377_78200.png,1,,2025-08-17 18:10:40,
268,57,https://image.hmall.com/CO/EDITOR/20250327/143812371/20250327_143812371_57705.jpg,2,,2025-08-17 18:10:40,
269,57,https://image.hmall.com/CO/EDITOR/20250327/143816911/20250327_143816911_46454.jpg,3,,2025-08-17 18:10:40,
270,57,https://image.hmall.com/CO/EDITOR/20250327/143820547/20250327_143820547_73084.jpg,4,,2025-08-17 18:10:40,
271,57,https://image.hmall.com/CO/EDITOR/20250327/143927531/20250327_143927531_19039.jpg,5,,2025-08-17 18:10:40,
272,58,https://image.hmall.com/CO/EDITOR/20250327/125209451/20250327_125209451_13056.png,1,,2025-08-17 18:10:40,
273,58,https://image.hmall.com/CO/EDITOR/20250327/142232566/20250327_142232566_83308.jpg,2,,2025-08-17 18:10:40,
274,58,https://image.hmall.com/CO/EDITOR/20250327/142240756/20250327_142240756_93501.jpg,3,,2025-08-17 18:10:40,
275,58,https://image.hmall.com/CO/EDITOR/20250327/142244641/20250327_142244641_50694.jpg,4,,2025-08-17 18:10:40,
276,58,https://image.hmall.com/CO/EDITOR/20250327/142249523/20250327_142249523_80534.jpg,5,,2025-08-17 18:10:40,
277,59,https://image.hmall.com/CO/EDITOR/20250327/125209451/20250327_125209451_13056.png,1,,2025-08-17 18:10:40,
278,59,https://image.hmall.com/CO/EDITOR/20250327/132846531/20250327_132846531_34762.jpg,2,,2025-08-17 18:10:40,
279,59,https://image.hmall.com/CO/EDITOR/20250327/132858457/20250327_132858457_27336.jpg,3,,2025-08-17 18:10:40,
280,59,https://image.hmall.com/CO/EDITOR/20250327/132902433/20250327_132902433_40643.jpg,4,,2025-08-17 18:10:40,
281,59,https://image.hmall.com/CO/EDITOR/20250327/132907449/20250327_132907449_77125.jpg,5,,2025-08-17 18:10:40,
282,60,https://image.hmall.com/CO/EDITOR/20250327/125209451/20250327_125209451_13056.png,1,,2025-08-17 18:10:40,
577,132,http://img.lush.co.kr/pns/good_720px/etc/2015_720_bottom.jpg,4,,2025-08-17 18:32:49,
578,132,http://img.lush.co.kr/pns/good_720px/etc/17_720_notice_d.jpg,5,,2025-08-17 18:32:49,
579,133,http://img.lush.co.kr/pns/good_720px/etc/17_720_top_d.jpg,1,,2025-08-17 18:32:49,
580,133,http://img.lush.co.kr/pns/good_720px/lushstory/thehdot_bn.jpg,2,,2025-08-17 18:32:49,
581,133,http://img.lush.co.kr/pns/good_720px/bath/18brightside_720.jpg,3,,2025-08-17 18:32:49,
582,133,http://img.lush.co.kr/pns/good_720px/etc/2015_720_bottom.jpg,4,,2025-08-17 18:32:49,
583,133,http://img.lush.co.kr/pns/good_720px/etc/17_720_notice_d.jpg,5,,2025-08-17 18:32:49,
584,134,http://img.lush.co.kr/pns/good_720px/etc/17_720_top_d.jpg,1,,2025-08-17 18:32:49,
585,134,http://img.lush.co.kr/pns/good_720px/lushstory/thehdot_bn.jpg,2,,2025-08-17 18:32:49,
586,134,http://img.lush.co.kr/pns/good_720px/shower/18rosejam_sp_720.jpg,3,,2025-08-17 18:32:49,
587,134,http://img.lush.co.kr/pns/good_720px/etc/2015_720_bottom.jpg,4,,2025-08-17 18:32:49,
588,134,http://img.lush.co.kr/pns/good_720px/etc/17_720_notice_d.jpg,5,,2025-08-17 18:32:49,
589,135,http://img.lush.co.kr/pns/good_720px/etc/17_720_top_d.jpg,1,,2025-08-17 18:32:50,
590,135,http://img.lush.co.kr/pns/good_720px/lushstory/thehdot_bn.jpg,2,,2025-08-17 18:32:50,
591,135,http://img.lush.co.kr/pns/good_720px/hair/18daddyo_720.jpg,3,,2025-08-17 18:32:50,
592,135,http://img.lush.co.kr/pns/good_720px/etc/2015_720_bottom.jpg,4,,2025-08-17 18:32:50,
593,135,http://img.lush.co.kr/pns/good_720px/etc/17_720_notice_d.jpg,5,,2025-08-17 18:32:50,
594,136,http://img.lush.co.kr/pns/good_720px/etc/17_720_top_d.jpg,1,,2025-08-17 18:32:50,
595,136,http://img.lush.co.kr/pns/good_720px/lushstory/thehdot_bn.jpg,2,,2025-08-17 18:32:50,
596,136,https://img.lush.co.kr/pns/good_720px/perfume/18dirtybodyspray_720.jpg,3,,2025-08-17 18:32:50,
597,136,http://img.lush.co.kr/pns/good_720px/etc/2015_720_bottom.jpg,4,,2025-08-17 18:32:50,
598,136,http://img.lush.co.kr/pns/good_720px/etc/17_720_notice_d.jpg,5,,2025-08-17 18:32:50,
599,137,http://img.lush.co.kr/pns/good_720px/etc/17_720_top_d.jpg,1,,2025-08-17 18:32:50,
600,137,http://img.lush.co.kr/pns/good_720px/lushstory/thehdot_bn.jpg,2,,2025-08-17 18:32:50,
601,137,http://img.lush.co.kr/pns/good_720px/bath/18sexbomb_720.jpg,3,,2025-08-17 18:32:50,
602,137,http://img.lush.co.kr/pns/good_720px/etc/2015_720_bottom.jpg,4,,2025-08-17 18:32:50,
603,137,http://img.lush.co.kr/pns/good_720px/etc/17_720_notice_d.jpg,5,,2025-08-17 18:32:50,
604,138,https://image.thehyundai.com/CO/EDITOR/20250227/11232816/wmr75.jpg,1,,2025-08-17 18:32:50,
605,139,https://image.thehyundai.com/CO/EDITOR/20240912/164704406/ai069.jpg,1,,2025-08-17 18:32:50,
606,140,https://image.thehyundai.com/CO/EDITOR/20250114/154610190/h2e99.jpg,1,,2025-08-17 18:32:50,
607,141,https://image.thehyundai.com/CO/EDITOR/20230224/145340357/126j8.jpg,1,,2025-08-17 18:32:50,
608,141,https://image.thehyundai.com/CO/EDITOR/20230224/145620967/9h530.jpg,2,,2025-08-17 18:32:50,
609,141,https://image.thehyundai.com/CO/EDITOR/20230302/095617808/54xbd.jpg,3,,2025-08-17 18:32:50,
610,141,https://image.thehyundai.com/CO/EDITOR/20230302/095650777/lc8a3.jpg,4,,2025-08-17 18:32:50,
611,141,https://image.thehyundai.com/CO/EDITOR/20230302/095716576/290gu.jpg,5,,2025-08-17 18:32:50,
612,142,https://image.thehyundai.com/CO/EDITOR/20230224/141453495/5c31d.jpg,1,,2025-08-17 18:32:50,
613,142,https://image.thehyundai.com/CO/EDITOR/20230224/141517787/5735r.jpg,2,,2025-08-17 18:32:50,
614,143,https://image.thehyundai.com/CO/EDITOR/20230224/125707136/dzjz3.jpg,1,,2025-08-17 18:32:50,
615,144,https://image.thehyundai.com/CO/EDITOR/20221027/103938981/g68g9.jpg,1,,2025-08-17 18:32:50,
616,145,https://image.thehyundai.com/CO/EDITOR/20230620/181311565/kb9ct.jpg,1,,2025-08-17 18:32:50,
617,146,https://image.thehyundai.com/CO/EDITOR/20230224/145001565/y3r72.jpg,1,,2025-08-17 18:32:50,
618,147,https://image.thehyundai.com/CO/EDITOR/20230224/135728215/0rpn5.jpg,1,,2025-08-17 18:32:50,
697,228,https://image.thehyundai.com/CO/EDITOR/20250812/160238592/m909w.jpg,2,,2025-08-17 18:54:03,
698,228,https://image.thehyundai.com/CO/EDITOR/20250812/160243130/8v7zg.jpg,3,,2025-08-17 18:54:03,
699,228,https://image.thehyundai.com/CO/EDITOR/20250812/160247813/603sq.jpg,4,,2025-08-17 18:54:03,
700,228,https://image.thehyundai.com/CO/EDITOR/20250812/160252553/15fzz.jpg,5,,2025-08-17 18:54:03,
701,229,https://image.thehyundai.com/CO/EDITOR/20250812/160033271/ut8e2.jpg,1,,2025-08-17 18:54:03,
702,229,https://image.thehyundai.com/CO/EDITOR/20250812/160043268/q81d2.jpg,2,,2025-08-17 18:54:03,
703,229,https://image.thehyundai.com/CO/EDITOR/20250812/160047785/a1g3e.jpg,3,,2025-08-17 18:54:03,
704,229,https://image.thehyundai.com/CO/EDITOR/20250812/160052322/ep77p.jpg,4,,2025-08-17 18:54:03,
705,229,https://image.thehyundai.com/CO/EDITOR/20250812/160059366/4z8ml.jpg,5,,2025-08-17 18:54:03,
706,230,https://image.thehyundai.com/static/7/9/3/00/A2/40A2003973_0_480.jpg,1,,2025-08-17 18:54:03,
707,230,https://image.thehyundai.com/static/9/9/3/00/A2/40A2003990_0_480.jpg,2,,2025-08-17 18:54:03,
708,231,https://image.thehyundai.com/CO/EDITOR/20250812/163738262/93j6h.jpg,1,,2025-08-17 18:54:03,
709,231,https://image.thehyundai.com/CO/EDITOR/20250812/163748472/4r052.jpg,2,,2025-08-17 18:54:03,
710,231,https://image.thehyundai.com/CO/EDITOR/20250812/163752884/ytmv3.jpg,3,,2025-08-17 18:54:03,
711,231,https://image.thehyundai.com/CO/EDITOR/20250812/163759785/57hc5.jpg,4,,2025-08-17 18:54:03,
712,231,https://image.thehyundai.com/CO/EDITOR/20250812/163803949/i38e9.jpg,5,,2025-08-17 18:54:03,
713,232,https://image.thehyundai.com/CO/EDITOR/20250812/163335634/p6a43.jpg,1,,2025-08-17 18:54:03,
714,232,https://image.thehyundai.com/CO/EDITOR/20250812/163348232/i5e25.jpg,2,,2025-08-17 18:54:03,
715,232,https://image.thehyundai.com/CO/EDITOR/20250812/16335364/8zplu.jpg,3,,2025-08-17 18:54:03,
716,232,https://image.thehyundai.com/CO/EDITOR/20250812/163357870/5q2k2.jpg,4,,2025-08-17 18:54:03,
717,232,https://image.thehyundai.com/CO/EDITOR/20250812/163402343/18r26.jpg,5,,2025-08-17 18:54:03,
718,233,https://image.thehyundai.com/CO/EDITOR/20250812/163842894/ri852.jpg,1,,2025-08-17 18:54:03,
719,233,https://image.thehyundai.com/CO/EDITOR/20250812/164111312/77oo3.jpg,2,,2025-08-17 18:54:03,
720,233,https://image.thehyundai.com/CO/EDITOR/20250812/164116779/i20lz.jpg,3,,2025-08-17 18:54:03,
721,233,https://image.thehyundai.com/CO/EDITOR/20250812/164121380/0iw73.jpg,4,,2025-08-17 18:54:03,
722,233,https://image.thehyundai.com/CO/EDITOR/20250812/164135409/1zua9.jpg,5,,2025-08-17 18:54:03,
723,234,https://image.thehyundai.com/CO/EDITOR/20250812/161903743/6hpnr.jpg,1,,2025-08-17 18:54:03,
724,234,https://image.thehyundai.com/CO/EDITOR/20250812/162233728/7b5rr.jpg,2,,2025-08-17 18:54:03,
725,234,https://image.thehyundai.com/CO/EDITOR/20250812/162240804/h87uu.jpg,3,,2025-08-17 18:54:03,
726,234,https://image.thehyundai.com/CO/EDITOR/20250812/162245194/z7r0w.jpg,4,,2025-08-17 18:54:03,
727,234,https://image.thehyundai.com/CO/EDITOR/20250812/162249225/8tv6y.jpg,5,,2025-08-17 18:54:03,
728,235,https://image.thehyundai.com/CO/EDITOR/20250812/155445294/17024.jpg,1,,2025-08-17 18:54:03,
729,235,https://image.thehyundai.com/CO/EDITOR/20250812/155501953/s6z41.jpg,2,,2025-08-17 18:54:03,
730,235,https://image.thehyundai.com/CO/EDITOR/20250812/155507683/fzjs6.jpg,3,,2025-08-17 18:54:03,
731,235,https://image.thehyundai.com/CO/EDITOR/20250812/155513885/0yks7.jpg,4,,2025-08-17 18:54:03,
732,235,https://image.thehyundai.com/CO/EDITOR/20250812/155520920/08ev4.jpg,5,,2025-08-17 18:54:03,
733,236,https://image.thehyundai.com/CO/EDITOR/20250808/151353662/l8fg9.jpg,1,,2025-08-17 18:54:03,
734,236,https://image.thehyundai.com/CO/EDITOR/20250808/151359707/p4sf9.jpg,2,,2025-08-17 18:54:03,
735,236,https://image.thehyundai.com/CO/EDITOR/20250808/151405701/mn27q.jpg,3,,2025-08-17 18:54:03,
736,236,https://image.thehyundai.com/CO/EDITOR/20250808/151411595/t43vo.jpg,4,,2025-08-17 18:54:03,
737,236,https://image.thehyundai.com/CO/EDITOR/20250808/151417200/72t9e.jpg,5,,2025-08-17 18:54:03,
738,237,https://image.thehyundai.com/CO/EDITOR/20250808/151051294/8jmdw.jpg,1,,2025-08-17 18:54:03,
739,237,https://image.thehyundai.com/CO/EDITOR/20250808/151100803/883lu.jpg,2,,2025-08-17 18:54:03,
740,237,https://image.thehyundai.com/CO/EDITOR/20250808/151108755/9s160.jpg,3,,2025-08-17 18:54:03,
741,237,https://image.thehyundai.com/CO/EDITOR/20250808/151115846/vtap7.jpg,4,,2025-08-17 18:54:03,
742,237,https://image.thehyundai.com/CO/EDITOR/20250808/151122410/4nv0x.jpg,5,,2025-08-17 18:54:03,
619,148,https://image.thehyundai.com/CO/EDITOR/20250103/19205256/59i34.png,1,,2025-08-17 18:53:59,
620,148,https://image.thehyundai.com/CO/EDITOR/20250103/192106885/1xsy3.png,2,,2025-08-17 18:53:59,
621,149,https://image.thehyundai.com/CO/EDITOR/20250103/19240723/5lu56.png,1,,2025-08-17 18:53:59,
622,149,https://image.thehyundai.com/CO/EDITOR/20250103/192420981/tr00n.png,2,,2025-08-17 18:53:59,
623,150,https://image.thehyundai.com/CO/EDITOR/20250103/192158385/r9pbf.png,1,,2025-08-17 18:53:59,
624,150,https://image.thehyundai.com/CO/EDITOR/20250103/19221265/9956i.png,2,,2025-08-17 18:53:59,
625,151,https://image.thehyundai.com/CO/EDITOR/20250103/155056453/b6114.png,1,,2025-08-17 18:53:59,
626,151,https://image.thehyundai.com/CO/EDITOR/20250103/155111651/vq0ub.png,2,,2025-08-17 18:53:59,
627,152,https://image.thehyundai.com/CO/EDITOR/20250523/103004641/cqf9e.jpg,1,,2025-08-17 18:53:59,
628,153,https://image.thehyundai.com/CO/EDITOR/20240826/165421162/mjl9e.jpg,1,,2025-08-17 18:53:59,
629,154,https://image.thehyundai.com/CO/EDITOR/20220725/110054124/169gf.jpg,1,,2025-08-17 18:53:59,
630,155,https://image.thehyundai.com/CO/EDITOR/20220725/153153295/ak749.jpg,1,,2025-08-17 18:53:59,
631,156,https://image.thehyundai.com/CO/EDITOR/20250711/153528388/e0884.jpg,1,,2025-08-17 18:53:59,
632,157,https://image.thehyundai.com/CO/EDITOR/20250414/145833104/v7gdd.jpg,1,,2025-08-17 18:53:59,
633,158,https://image.thehyundai.com/CO/EDITOR/20241217/152946129/0q7l0.jpg,1,,2025-08-17 18:53:59,
634,159,https://image.thehyundai.com/CO/EDITOR/20241217/154139739/7fcsa.jpg,1,,2025-08-17 18:53:59,
635,160,https://image.thehyundai.com/CO/EDITOR/20241227/145052703/yj3b2.jpg,1,,2025-08-17 18:53:59,
636,160,https://image.thehyundai.com/CO/EDITOR/20241227/145104575/4uoz3.jpg,2,,2025-08-17 18:53:59,
637,161,https://image.thehyundai.com/CO/EDITOR/20250612/151108692/m663m.jpg,1,,2025-08-17 18:53:59,
638,162,https://image.thehyundai.com/CO/EDITOR/20250523/103228503/t54t4.jpg,1,,2025-08-17 18:54:00,
639,163,https://image.thehyundai.com/CO/EDITOR/20241230/202952352/c57es.jpg,1,,2025-08-17 18:54:00,
640,164,https://image.thehyundai.com/CO/EDITOR/20250430/154906906/b229d.jpg,1,,2025-08-17 18:54:00,
641,165,https://image.thehyundai.com/CO/EDITOR/20240826/115733404/1s271.jpg,1,,2025-08-17 18:54:00,
642,166,https://image.thehyundai.com/CO/EDITOR/20210719/145742741/799my.jpg,1,,2025-08-17 18:54:00,
643,167,https://image.thehyundai.com/CO/EDITOR/20240807/160456952/c85ee.jpg,1,,2025-08-17 18:54:00,
644,168,https://image.thehyundai.com/CO/EDITOR/20250523/103307919/45bi1.jpg,1,,2025-08-17 18:54:00,
645,169,https://image.thehyundai.com/CO/EDITOR/20250523/103336967/1z19z.jpg,1,,2025-08-17 18:54:00,
646,170,https://image.thehyundai.com/CO/EDITOR/20240903/114544353/bcy51.jpg,1,,2025-08-17 18:54:00,
647,171,https://image.thehyundai.com/CO/EDITOR/20240514/155001991/jur9x.jpg,1,,2025-08-17 18:54:00,
648,172,https://image.thehyundai.com/CO/EDITOR/20250612/15072050/579i2.jpg,1,,2025-08-17 18:54:00,
649,173,https://image.thehyundai.com/CO/EDITOR/20241217/15285494/31p20.jpg,1,,2025-08-17 18:54:00,
651,174,https://image.thehyundai.com/CO/EDITOR/20241217/15275771/q07fm.jpg,1,,2025-08-17 18:54:00,
652,175,https://image.thehyundai.com/CO/EDITOR/20240926/120345844/24j0v.jpg,1,,2025-08-17 18:54:00,
653,176,https://image.thehyundai.com/CO/EDITOR/20240926/115720344/5o22g.jpg,1,,2025-08-17 18:54:00,
654,177,https://image.thehyundai.com/CO/EDITOR/20240926/112848581/8x60e.jpg,1,,2025-08-17 18:54:00,
655,178,https://image.thehyundai.com/CO/EDITOR/20240926/11243858/fo3vz.jpg,1,,2025-08-17 18:54:00,
656,179,https://image.thehyundai.com/CO/EDITOR/20240926/11202176/1i5ay.jpg,1,,2025-08-17 18:54:00,
657,180,https://image.thehyundai.com/CO/EDITOR/20240926/111837994/1rink.jpg,1,,2025-08-17 18:54:00,
658,181,https://image.thehyundai.com/CO/EDITOR/20240926/111653847/975jt.jpg,1,,2025-08-17 18:54:00,
659,182,https://image.thehyundai.com/CO/EDITOR/20240926/111415586/3g5m0.jpg,1,,2025-08-17 18:54:01,
660,183,https://image.thehyundai.com/CO/EDITOR/20240926/111241917/7phfv.jpg,1,,2025-08-17 18:54:01,
661,184,https://image.thehyundai.com/CO/EDITOR/20240926/11104028/9ezzu.jpg,1,,2025-08-17 18:54:01,
662,185,https://image.thehyundai.com/CO/EDITOR/20240926/111009483/s5d81.jpg,1,,2025-08-17 18:54:01,
663,186,https://image.thehyundai.com/CO/EDITOR/20240926/110828240/5979f.jpg,1,,2025-08-17 18:54:01,
664,187,https://image.thehyundai.com/CO/EDITOR/20240926/110726807/51o9v.jpg,1,,2025-08-17 18:54:01,
665,188,https://image.thehyundai.com/CO/EDITOR/20240926/114444857/ko67h.jpg,1,,2025-08-17 18:54:01,
666,189,https://image.thehyundai.com/CO/EDITOR/20240926/114706170/20t23.jpg,1,,2025-08-17 18:54:01,
667,190,https://image.thehyundai.com/CO/EDITOR/20240926/120422598/q74e6.jpg,1,,2025-08-17 18:54:01,
668,191,https://image.thehyundai.com/CO/EDITOR/20250417/103803110/0ve9u.jpg,1,,2025-08-17 18:54:01,
669,192,https://image.thehyundai.com/CO/EDITOR/20250417/102536186/igad9.jpg,1,,2025-08-17 18:54:01,
670,193,https://image.thehyundai.com/CO/EDITOR/20210504/162624548/5en07.jpg,1,,2025-08-17 18:54:01,
671,194,https://image.thehyundai.com/CO/EDITOR/20240926/121555444/n4fvd.jpg,1,,2025-08-17 18:54:01,
672,195,https://image.thehyundai.com/CO/EDITOR/20240926/121203691/637pm.jpg,1,,2025-08-17 18:54:01,
673,196,https://image.thehyundai.com/CO/EDITOR/20240926/12113176/g922v.jpg,1,,2025-08-17 18:54:01,
674,197,https://image.thehyundai.com/CO/EDITOR/20240926/120915940/8755m.jpg,1,,2025-08-17 18:54:01,
675,198,https://image.thehyundai.com/CO/EDITOR/20240926/120718531/1ka17.jpg,1,,2025-08-17 18:54:01,
676,224,https://image.hmall.com/CO/EDITOR/20200129/183126106/8y1pk.png,1,,2025-08-17 18:54:02,
677,224,https://image.hmall.com/CO/EDITOR/20240808/143147441/20240808_143147441_79788.png,2,,2025-08-17 18:54:02,
678,224,https://image.hmall.com/CO/EDITOR/20240802/195847060/20240802_195847060_87524.png,3,,2025-08-17 18:54:02,
679,224,https://image.hmall.com/CO/EDITOR/20240802/195850607/20240802_195850607_76685.png,4,,2025-08-17 18:54:02,
680,224,https://image.hmall.com/CO/EDITOR/20240802/195854769/20240802_195854769_59242.jpg,5,,2025-08-17 18:54:02,
681,225,https://image.hmall.com/CO/EDITOR/20190929/231444914/ffw0t.jpg,1,,2025-08-17 18:54:02,
682,225,https://image.hmall.com/CO/EDITOR/20200906/141816337/5261o.jpg,2,,2025-08-17 18:54:02,
683,225,https://image.thehyundai.com/CO/EDITOR/20210111/164649468/81z1s.jpg,3,,2025-08-17 18:54:02,
684,225,https://image.hmall.com/CO/EDITOR/20201102/222425556/qgpw1.jpg,4,,2025-08-17 18:54:02,
685,225,https://image.hmall.com/CO/EDITOR/20201102/222441621/z39g2.jpg,5,,2025-08-17 18:54:02,
686,226,https://image.thehyundai.com/CO/EDITOR/20250812/164542777/762k9.jpg,1,,2025-08-17 18:54:02,
687,226,https://image.thehyundai.com/CO/EDITOR/20250812/164612332/7fd3d.jpg,2,,2025-08-17 18:54:02,
688,226,https://image.thehyundai.com/CO/EDITOR/20250812/164617504/kb656.jpg,3,,2025-08-17 18:54:02,
689,226,https://image.thehyundai.com/CO/EDITOR/20250812/164621859/tr18t.jpg,4,,2025-08-17 18:54:02,
690,226,https://image.thehyundai.com/CO/EDITOR/20250812/164627368/l2eht.jpg,5,,2025-08-17 18:54:02,
691,227,https://image.thehyundai.com/CO/EDITOR/20250812/164418906/254g2.jpg,1,,2025-08-17 18:54:03,
692,227,https://image.thehyundai.com/CO/EDITOR/20250812/16443626/xa337.jpg,2,,2025-08-17 18:54:03,
693,227,https://image.thehyundai.com/CO/EDITOR/20250812/164439818/53gpw.jpg,3,,2025-08-17 18:54:03,
694,227,https://image.thehyundai.com/CO/EDITOR/20250812/164443498/4k98s.jpg,4,,2025-08-17 18:54:03,
695,227,https://image.thehyundai.com/CO/EDITOR/20250812/164447412/s1772.jpg,5,,2025-08-17 18:54:03,
696,228,https://image.thehyundai.com/CO/EDITOR/20250812/160205887/650v4.jpg,1,,2025-08-17 18:54:03,
