1,,,엄마 도시락,13000,24,Y,25,2025-08-14 16:20:50,,
191,4,12,퍼퓸 시그니처 암브라 Parfum 100ml,299000,99999,,,2025-08-17 18:54:01,,https://image.thehyundai.com/static/4/7/1/67/A1/40A1671748_0_300.jpg
192,4,12,퍼퓸 시그니처 베티베라 Parfum 100ml,299000,99999,,,2025-08-17 18:54:01,,https://image.thehyundai.com/static/4/7/1/67/A1/40A1671745_0_300.jpg
193,4,12,발파라이소 EDP 50mL,151000,99999,,,2025-08-17 18:54:01,,https://image.thehyundai.com/static/3/7/1/67/A1/40A1671738_0_300.jpg
194,4,12,틴하레 EDP  50mL,151000,99999,,,2025-08-17 18:54:01,,https://image.thehyundai.com/static/3/7/1/67/A1/40A1671737_0_300.jpg
195,4,12,스미르나 EDP 50mL,151000,99999,,,2025-08-17 18:54:01,,https://image.thehyundai.com/static/3/7/1/67/A1/40A1671734_0_300.jpg
196,4,12,스미르나 EDP 100mL,225000,99999,,,2025-08-17 18:54:01,,https://image.thehyundai.com/static/3/7/1/67/A1/40A1671733_0_300.jpg
197,4,12,산타크루즈 EDP 100mL,225000,99999,,,2025-08-17 18:54:01,,https://image.thehyundai.com/static/3/7/1/67/A1/40A1671731_0_300.jpg
198,4,12,포르토벨로 EDP 100mL,225000,99999,,,2025-08-17 18:54:01,,https://image.thehyundai.com/static/2/7/1/67/A1/40A1671729_0_300.jpg
199,7,13,싱글-플리트 테이퍼드 트라우저 ,540000,99999,,,2025-08-17 18:54:01,,https://image.thehyundai.com/static/3/7/5/81/A1/hnm40A1815731_242-WRB1621-FB0026_001_1_540.jpg
200,7,13,스트라이프 엣지 비키니 바텀즈 라이트 헤이 - 라이트 헤이,190000,99999,,,2025-08-17 18:54:01,,https://image.thehyundai.com/static/7/5/0/78/A1/hnm40A1780574_241-WSW1040-FB0097_056_1_540.jpg
201,7,13,스트라이프 엣지 비키니 바텀즈 블랙 - 블랙,190000,99999,,,2025-08-17 18:54:01,,https://image.thehyundai.com/static/7/5/0/78/A1/hnm40A1780573_241-WSW1040-FB0097_001_2_540.jpg
202,7,13,스트라이프 엣지 스트래플리스 비키니 탑 블랙 - 블랙,190000,99999,,,2025-08-17 18:54:01,,https://image.thehyundai.com/static/7/5/0/78/A1/hnm40A1780571_241-WSW1041-FB0097_001_1_540.jpg
203,7,13,스트라이프 엣지 스트래플리스 비키니 탑 라이트 헤이 - 라이트 헤이,190000,99999,,,2025-08-17 18:54:01,,https://image.thehyundai.com/static/7/5/0/78/A1/hnm40A1780572_241-WSW1041-FB0097_056_1_540.jpg
204,7,13,스트라이프 엣지 스트래플리스 스윔수트 라이트 헤이 - 라이트 헤이,290000,99999,,,2025-08-17 18:54:02,,https://image.thehyundai.com/static/7/5/0/78/A1/hnm40A1780570_241-WSW1027-FB0097_056_1_540.jpg
205,7,13,스트라이프 엣지 스트래플리스 스윔수트 블랙 - 블랙,290000,99999,,,2025-08-17 18:54:02,,https://image.thehyundai.com/static/6/5/0/78/A1/hnm40A1780569_241-WSW1027-FB0097_001_1_540.jpg
206,7,13,스트라이프 타이 비키니 바텀즈 - 블랙,210000,99999,,,2025-08-17 18:54:02,,https://image.thehyundai.com/static/6/5/0/78/A1/hnm40A1780567_241-WSW1029-FB0097_001_1_540.jpg
207,7,13,스트라이프 타이 비키니 탑 블랙,210000,99999,,,2025-08-17 18:54:02,,https://image.thehyundai.com/static/6/5/0/78/A1/hnm40A1780565_241-WSW1028-FB0097_001_1_540.jpg
208,7,13,신치드-웨이스트 몰스킨 블레이저 에스프레소,1090000,99999,,,2025-08-17 18:54:02,,https://image.thehyundai.com/static/8/4/0/78/A1/hnm40A1780484_241-WRZ1048-FB0171_040_1_540.jpg
209,7,13,펠트 랩 코트 다크 그레이 멜란지,1880000,99999,,,2025-08-17 18:54:02,,https://image.thehyundai.com/static/7/4/0/78/A1/hnm40A1780473_241-WRO979-FB0055_083_1_540.jpg
210,7,13,더블 브레스티드 블레이저 블랙,1010000,99999,,,2025-08-17 18:54:02,,https://image.thehyundai.com/static/2/9/3/68/A1/hnm40A1683923_233-3002-246_200_1111_540.jpg
211,7,13,테일러드 수트 재킷 블랙,1230000,99999,,,2025-08-17 18:54:02,,https://image.thehyundai.com/static/4/8/3/68/A1/hnm40A1683844_233-3014-246_200_1111_540.jpg
212,7,13,트위스티드 심 데님 풀 렝스 로우 - 로우,540000,99999,,,2025-08-17 18:54:02,,https://image.thehyundai.com/static/2/4/7/63/A1/hnm40A1637425_231-240-738_489_11_540.jpg
213,7,13,모노그램 스윔수트 에크루 - 에크루/그린,290000,99999,,,2025-08-17 18:54:02,,https://image.thehyundai.com/static/0/4/7/63/A1/hnm40A1637405_232-842-795_969_1_540.jpg
214,7,13,티-락 클러치 블랙 - 블랙,1560000,99999,,,2025-08-17 18:54:02,,https://image.thehyundai.com/static/9/2/7/63/A1/hnm40A1637292_234-WLGBG419-LE0025_001_9_540.jpg
215,7,13,티-락 탑 핸들 블랙 - 블랙,2090000,99999,,,2025-08-17 18:54:02,,https://image.thehyundai.com/static/9/2/7/63/A1/hnm40A1637291_234-WLGBG417-LE0025_001_1212_540.jpg
216,7,13,트위스티드 심 데님 풀 렝스 오프 화이트 - 오프-화이트,560000,99999,,,2025-08-17 18:54:02,,https://image.thehyundai.com/static/0/6/2/61/A1/hnm40A1612600_231-240-748_110_11_540.jpg
217,7,13,트위스티드 심 데님 풀 렝스 원 블루 - 원 블루,600000,99999,,,2025-08-17 18:54:02,,https://image.thehyundai.com/static/9/5/2/61/A1/hnm40A1612597_231-240-741_485_111_540.jpg
218,7,13,트위스티드 심 데님 풀 렝스 페이디드 블랙 - 페이디드 블랙,560000,99999,,,2025-08-17 18:54:02,,https://image.thehyundai.com/static/9/5/2/61/A1/hnm40A1612594_231-240-744_230_111_540.jpg
219,7,13,티-락 클러치 블랙 그레인 - 블랙 그레인,1560000,99999,,,2025-08-17 18:54:02,,https://image.thehyundai.com/static/5/4/8/58/A1/hnm40A1588456_234-WLGBG423-LE0030_001_8_540.jpg
220,7,13,티-락 탑 핸들 탄 그레인 - 탄 그레인,2090000,99999,,,2025-08-17 18:54:02,,https://image.thehyundai.com/static/5/4/8/58/A1/hnm40A1588455_234-WLGBG427-LE0030_105_1212_540.jpg
221,7,13,티-락 클러치 탄 그레인 - 탄 그레인 - 더현대닷컴,1560000,99999,,,2025-08-17 18:54:02,,https://image.thehyundai.com/static/5/4/8/58/A1/hnm40A1588457_234-WLGBG423-LE0030_105_1212_540.jpg
222,7,13,티-락 탑 핸들 블랙 그레인 - 블랙 그레인 - 더현대닷컴,2090000,99999,,,2025-08-17 18:54:02,,https://image.thehyundai.com/static/5/4/8/58/A1/hnm40A1588454_234-WLGBG427-LE0030_001_540.jpg
223,7,13,모노그램 스윔수트 두부 - 두부 - 더현대닷컴,350000,99999,,,2025-08-17 18:54:02,,https://image.thehyundai.com/static/4/2/8/53/A1/hnm40A1538242_223-842-795_999_11_540.jpg
224,1,14,에코 트레킹 햇 모자 (등산모자),35110,99999,,,2025-08-17 18:54:02,,https://image.thehyundai.com/static/4/3/6/87/14/2214876342_0_300.jpg
225,1,14,에코 에어 다운 자켓,265680,99999,,,2025-08-17 18:54:02,,https://image.thehyundai.com/static/8/5/9/26/A1/40A1269580_0_300.jpg
226,2,15,마난티오 바디클렌저 300ml + 바디로션 300ml + 바디오일 50ml + 바디미스트 105ml,139000,99999,,,2025-08-17 18:54:02,,https://image.thehyundai.com/static/5/1/4/00/A2/40A2004157_0_300.jpg
227,2,15,마난티오 바디클렌저 300ml + 바디로션 300ml + 핸드포마드 50ml,79000,99999,,,2025-08-17 18:54:02,,https://image.thehyundai.com/static/9/9/3/00/A2/40A2003999_0_300.jpg
32,1,1,스트래피 실크 탑,69900,99999,,,2025-08-17 17:56:56,,https://image.thehyundai.com/static/3/4/1/89/A1/hnm40A1891438_4_280.jpg
33,1,1,벨티드 리넨 미니 드레스,59900,99999,,,2025-08-17 17:56:56,,https://image.thehyundai.com/static/8/5/7/88/A1/hnm40A1887584_7_280.jpg
34,1,1,하이 웨이스트 진,69900,99999,,,2025-08-17 17:56:56,,https://image.thehyundai.com/static/8/1/2/88/A1/hnm40A1882182_12_280.jpg
35,1,1,퍼프 슬리브 미디 드레스,79900,99999,,,2025-08-17 17:56:56,,https://image.thehyundai.com/static/1/2/6/86/A1/hnm40A1866216_11_280.jpg
36,1,1,플러터 슬리브 미디 드레스,79900,99999,,,2025-08-17 17:56:56,,https://image.thehyundai.com/static/8/5/2/86/A1/hnm40A1862581_3_280.jpg
37,1,1,테일러드 리넨 트라우저,79900,99999,,,2025-08-17 17:56:56,,https://image.thehyundai.com/static/8/0/9/84/A1/hnm40A1849089_7_280.jpg
38,1,1,플러터 슬리브 미디 드레스,69900,99999,,,2025-08-17 17:56:56,,https://image.thehyundai.com/static/7/0/9/84/A1/hnm40A1849075_3_280.jpg
39,1,1,스모크 프릴 블라우스,39900,99999,,,2025-08-17 17:56:56,,https://image.thehyundai.com/static/2/2/2/80/A1/hnm40A1802220_6_280.jpg
40,1,1,메리노 터틀넥 스웨터,49900,99999,,,2025-08-17 17:56:56,,https://image.thehyundai.com/static/6/2/9/57/A1/hnm40A1579268_hnm40A1579268_02_1090780_003_001_568_280.jpg
41,1,1,메리노 터틀넥 스웨터,49900,99999,,,2025-08-17 17:56:56,,https://image.thehyundai.com/static/6/2/9/57/A1/hnm40A1579267_hnm40A1579267_4763_848_280.jpg
42,1,1,하프 집 레이스 업 점퍼,82500,99999,,,2025-08-17 17:56:56,,https://image.thehyundai.com/static/6/8/4/56/A1/hnm40A1564865_5034_280.jpg
43,1,1,프린트 퍼프 슬리브 미디 드레스,35900,99999,,,2025-08-17 17:56:56,,https://image.thehyundai.com/static/3/8/4/56/A1/hnm40A1564831_5109_280.jpg
44,1,1,스트레이트 로우 웨이스트 트라우저,39900,99999,,,2025-08-17 17:56:56,,https://image.thehyundai.com/static/7/5/2/56/A1/hnm40A1562574_4864_280.jpg
45,1,1,폴카 도트 자카드 니트 점퍼,77400,99999,,,2025-08-17 17:56:56,,https://image.thehyundai.com/static/6/5/2/56/A1/hnm40A1562567_4887_280.jpg
46,1,1,랩 가디건,69000,99999,,,2025-08-17 17:56:56,,https://image.thehyundai.com/static/2/9/9/55/A1/hnm40A1559926_4130_280.jpg
47,1,1,박시 폴로 탑,35900,99999,,,2025-08-17 17:56:56,,https://image.thehyundai.com/static/9/7/4/46/A1/hnm40A1464798_3563_280.jpg
48,1,1,플레어 버튼 트라우저,55000,99999,,,2025-08-17 17:56:56,,https://image.thehyundai.com/static/9/2/8/36/A1/hnm40A1368299_708_280.jpg
49,1,2,슬로프 러너 베스트 49521Q5 US,274550,99999,,,2025-08-17 17:56:56,,https://image.thehyundai.com/static/5/4/2/90/31/2231902459_0_300.jpg
50,1,2,베이비 그래픽 티셔츠 60389Q5 US,37100,99999,,,2025-08-17 17:56:56,,https://image.thehyundai.com/static/8/6/9/89/31/2231899688_0_300.jpg
51,1,2,우먼즈 배기스 쇼츠 - 5인치 57059Q5 US,76000,99999,,,2025-08-17 17:56:56,,https://image.thehyundai.com/static/1/5/3/66/31/2231663516_0_300.jpg
52,1,2,멘즈 배기스 쇼츠 - 5인치 57022Q5 US,76000,99999,,,2025-08-17 17:56:56,,https://image.thehyundai.com/static/3/5/1/58/31/2231581532_0_300.jpg
53,1,2,멘즈 라이트웨이트 신칠라 스냅-티 풀오버 25551Q5 US,159200,99999,,,2025-08-17 17:56:57,,https://image.thehyundai.com/static/3/6/9/57/31/2231579630_0_300.jpg
54,1,2,우먼즈 신칠라 재킷 22955Q5 US,236550,99999,,,2025-08-17 17:56:57,,https://image.thehyundai.com/static/2/4/4/57/31/2231574422_0_300.jpg
55,1,2,우먼즈 신칠라 재킷 22955Q5 US,236550,99999,,,2025-08-17 17:56:57,,https://image.thehyundai.com/static/8/3/4/57/31/2231574380_0_300.jpg
56,1,2,멘즈 후디니 재킷 24142Q5 US,143200,99999,,,2025-08-17 17:56:57,,https://image.thehyundai.com/static/4/4/6/54/31/2231546442_0_300.jpg
57,1,2,멘즈 웨이브페어러 보드쇼츠 - 19인치 86623Q5 US,76300,99999,,,2025-08-17 17:56:57,,https://image.thehyundai.com/static/0/2/2/37/31/2231372205_0_300.jpg
58,1,2,멘즈 하이드로피크 하이브리드 워크 쇼츠 - 18인치 86476Q5 US,103200,99999,,,2025-08-17 17:56:57,,https://image.thehyundai.com/static/7/5/9/36/31/2231369574_0_300.jpg
59,1,2,우먼즈 홈 워터스 발리 쇼츠 - 3인치 86390Q5  US,76300,99999,,,2025-08-17 17:56:57,,https://image.thehyundai.com/static/7/8/0/36/31/2231360877_0_300.jpg
60,1,2,멘즈 홈 워터스 발리 쇼츠 - 16인치 86385Q5  US,76300,99999,,,2025-08-17 17:56:57,,https://image.thehyundai.com/static/3/9/9/35/31/2231359930_0_300.jpg
61,1,2,멘즈 벵가 록 쇼츠 83102Q5 US,127200,99999,,,2025-08-17 17:56:57,,https://image.thehyundai.com/static/8/1/7/35/31/2231357187_0_300.jpg
62,1,2,우먼즈 퀀더리 쇼츠 - 7인치 58096Q5 US,103200,99999,,,2025-08-17 17:56:57,,https://image.thehyundai.com/static/1/2/4/35/31/2231354215_0_300.jpg
63,1,2,멘즈 배기스 내추럴즈 58056Q5 US,79200,99999,,,2025-08-17 17:56:57,,https://image.thehyundai.com/static/8/7/1/35/31/2231351784_0_300.jpg
64,1,2,멘즈 배기스 라이츠 - 6인치 58049Q5 US,79200,99999,,,2025-08-17 17:56:57,,https://image.thehyundai.com/static/7/3/7/34/31/2231347378_0_300.jpg
65,1,2,멘즈 배기스 롱즈 - 7인치 58035Q5 US,76000,99999,,,2025-08-17 17:56:57,,https://image.thehyundai.com/static/8/4/2/29/31/2231292481_0_300.jpg
66,1,2,멘즈 퀀더리 쇼츠 - 10인치 57828Q5 US,119200,99999,,,2025-08-17 17:56:57,,https://image.thehyundai.com/static/9/1/2/29/31/2231292196_0_300.jpg
67,1,2,멘즈 퀀더리 쇼츠 - 8인치 57813Q5 US,111200,99999,,,2025-08-17 17:56:57,,https://image.thehyundai.com/static/9/6/1/29/31/2231291692_0_300.jpg
68,1,2,멘즈 멀티 트레일 쇼츠 - 8인치 57602Q5 US,119200,99999,,,2025-08-17 17:56:57,,https://image.thehyundai.com/static/4/0/1/29/31/2231291049_0_300.jpg
69,1,2,멘즈 멀티 트레일 쇼츠 - 6인치 57595Q5 US,119200,99999,,,2025-08-17 17:56:57,,https://image.thehyundai.com/static/2/7/9/28/31/2231289725_0_300.jpg
70,1,2,우먼즈 트레일페어러 쇼츠 - 4½인치 57535Q5 US,87200,99999,,,2025-08-17 17:56:57,,https://image.thehyundai.com/static/1/5/9/28/31/2231289514_0_300.jpg
71,1,2,멘즈 트레일페어러 쇼츠 - 6인치 57525Q5 US,95200,99999,,,2025-08-17 17:56:57,,https://image.thehyundai.com/static/5/3/9/28/31/2231289351_0_300.jpg
72,1,2,멘즈 아웃도어 에브리데이 쇼츠 - 6인치 57437Q5 US,103200,99999,,,2025-08-17 17:56:57,,https://image.thehyundai.com/static/1/7/8/28/31/2231288717_0_300.jpg
73,5,3,볼륨 컨디셔너 1000ml,210000,99999,,,2025-08-17 17:56:57,,https://image.thehyundai.com/static/1/7/4/47/A1/40A1474718_0_300.jpg
74,5,3,모이스처라이징 샴푸 1000ml,180000,99999,,,2025-08-17 17:56:57,,https://image.thehyundai.com/static/4/7/3/47/A1/40A1473747_0_300.jpg
75,5,3,헤어 퍼퓸 100ml,240000,99999,,,2025-08-17 17:56:57,,https://image.thehyundai.com/static/1/6/0/40/A1/40A1400617_0_300.jpg
76,5,3,서멀 프로텍션 스프레이 200ml,77000,99999,,,2025-08-17 17:56:57,,https://image.thehyundai.com/static/1/6/0/40/A1/40A1400613_0_300.jpg
77,5,3,오버나이트 리페어 세럼 30ml,210000,99999,,,2025-08-17 17:56:58,,https://image.thehyundai.com/static/7/5/0/40/A1/40A1400577_0_300.jpg
78,5,3,모이스처라이징 컨디셔너 50ml,28000,99999,,,2025-08-17 17:56:58,,https://image.thehyundai.com/static/7/5/0/40/A1/40A1400574_0_300.jpg
79,5,3,실크 퍼퓸 200ml,86000,99999,,,2025-08-17 17:56:58,,https://image.thehyundai.com/static/5/2/8/39/A1/40A1398256_0_300.jpg
80,5,3,아르간 모이스처라이징 엘릭서 100ml,81000,99999,,,2025-08-17 17:56:58,,https://image.thehyundai.com/static/4/2/8/39/A1/40A1398243_0_300.jpg
81,5,3,리페어 마스크 200ml,96000,99999,,,2025-08-17 17:56:58,,https://image.thehyundai.com/static/3/2/8/39/A1/40A1398239_0_300.jpg
82,5,3,모이스처라이징 컨디셔너 300ml,74000,99999,,,2025-08-17 17:56:58,,https://image.thehyundai.com/static/8/1/8/39/A1/40A1398185_0_300.jpg
83,6,4,키즈 컵(S)_색상선택,10000,99999,,,2025-08-17 17:56:58,,https://image.thehyundai.com/static/7/1/2/59/A1/60A1592173_0_300.jpg
84,6,4,키즈 스몰 컵 세트(4P)_색상선택,35000,99999,,,2025-08-17 17:56:58,,https://image.thehyundai.com/static/6/9/3/56/A1/60A1563964_0_300.jpg
85,6,4,키즈 볼 세트(4P)_색상선택,55000,99999,,,2025-08-17 17:56:58,,https://image.thehyundai.com/static/6/9/3/56/A1/60A1563962_0_300.jpg
86,6,4,키즈 세트(4P)_색상선택,45000,99999,,,2025-08-17 17:56:58,,https://image.thehyundai.com/static/5/9/3/56/A1/60A1563959_0_300.jpg
87,6,4,키즈 콰트로 스푼 세트(4P)_색상선택,16000,99999,,,2025-08-17 17:56:58,,https://image.thehyundai.com/static/5/9/3/56/A1/60A1563958_0_300.jpg
88,6,4,키즈 디바이디드 트레이_색상선택,21000,99999,,,2025-08-17 17:56:58,,https://image.thehyundai.com/static/5/9/3/56/A1/60A1563957_0_300.jpg
89,6,4,스몰 트레이_색상선택,17000,99999,,,2025-08-17 17:56:58,,https://image.thehyundai.com/static/5/9/3/56/A1/60A1563956_0_300.jpg
90,6,4,미디엄 트레이_색상선택,21000,99999,,,2025-08-17 17:56:58,,https://image.thehyundai.com/static/5/9/3/56/A1/60A1563955_0_300.jpg
91,6,4,아페로 세트_색상선택,42000,99999,,,2025-08-17 17:56:58,,https://image.thehyundai.com/static/5/9/3/56/A1/60A1563954_0_300.jpg
92,6,4,사각 런치박스_색상선택,36500,99999,,,2025-08-17 17:56:58,,https://image.thehyundai.com/static/5/9/3/56/A1/60A1563953_0_300.jpg
93,6,4,직사각 런치박스_색상선택,37000,99999,,,2025-08-17 17:56:58,,https://image.thehyundai.com/static/5/9/3/56/A1/60A1563952_0_300.jpg
94,6,4,커틀러리 세트(3P)_색상선택,16000,99999,,,2025-08-17 17:56:58,,https://image.thehyundai.com/static/5/9/3/56/A1/60A1563951_0_300.jpg
95,6,4,미디움 컵_색상선택,13000,99999,,,2025-08-17 17:56:58,,https://image.thehyundai.com/static/5/9/3/56/A1/60A1563950_0_300.jpg
96,6,4,시리얼 볼_색상선택,15000,99999,,,2025-08-17 17:56:58,,https://image.thehyundai.com/static/4/9/3/56/A1/60A1563948_0_300.jpg
97,6,4,사이드 볼_색상선택,26000,99999,,,2025-08-17 17:56:58,,https://image.thehyundai.com/static/4/9/3/56/A1/60A1563945_0_300.jpg
98,6,4,믹싱볼 앤 콜렌더 세트 S (2P)_색상선택,45000,99999,,,2025-08-17 17:56:58,,https://image.thehyundai.com/static/4/9/3/56/A1/60A1563944_0_300.jpg
99,6,4,라이스 볼_색상선택,12000,99999,,,2025-08-17 17:56:58,,https://image.thehyundai.com/static/4/9/3/56/A1/60A1563942_0_300.jpg
100,6,4,키즈 세트(4P)_색상선택 (신규컬러only),45000,99999,,,2025-08-17 17:56:58,,https://image.thehyundai.com/static/4/9/3/56/A1/60A1563941_0_300.jpg
101,6,4,실리콘 토들러 식기 세트(4P)-색상선택,50000,99999,,,2025-08-17 17:56:59,,https://image.thehyundai.com/static/2/9/3/56/A1/60A1563928_0_300.jpg
102,6,4,키즈 스몰 컵_색상선택,10000,99999,,,2025-08-17 17:56:59,,https://image.thehyundai.com/static/2/9/3/56/A1/60A1563927_0_300.jpg
103,2,6,모이스춰 닥터 마스크(장수진팩) (22mlx10매),20000,99999,,,2025-08-17 18:32:48,,https://image.thehyundai.com/static/9/2/7/57/A1/60A1577292_0_300.jpg
104,2,6,블레미쉬 케어 패드(잡티패드) 50g (25매),12800,99999,,,2025-08-17 18:32:48,,https://image.thehyundai.com/static/4/6/3/56/A1/60A1563648_0_300.jpg
105,2,6,아크니 닥터 퍼스트 스피디 스팟 패드 50g(25매),12800,99999,,,2025-08-17 18:32:48,,https://image.thehyundai.com/static/4/6/3/56/A1/60A1563647_0_300.jpg
106,2,6,스킨케어 비건 쿠션 SPF38 PA++ 21호 13g(본품1),31600,99999,,,2025-08-17 18:32:48,,https://image.thehyundai.com/static/5/4/6/55/A1/60A1556458_0_300.jpg
107,2,6,파하 마일드 올 클렌징 패드 230g(60매),18750,99999,,,2025-08-17 18:32:48,,https://image.thehyundai.com/static/0/5/3/55/A1/60A1553509_0_300.jpg
108,2,6,아크니 컨트롤 세럼 40ml,23800,99999,,,2025-08-17 18:32:48,,https://image.thehyundai.com/static/9/0/0/52/A1/60A1520095_0_300.jpg
109,2,6,인텐시브 에너자이징 멀티밤 10g,43000,99999,,,2025-08-17 18:32:48,,https://image.thehyundai.com/static/1/9/2/50/A1/60A1502918_0_300.jpg
110,2,6,[스벅1잔] 모이스춰 닥터 크림 70ml 트리플세트 (+증정: 장수진토너 20ml),69900,99999,,,2025-08-17 18:32:48,,https://image.thehyundai.com/static/2/6/3/47/A1/40A1473620_0_300.jpg
111,2,6,닥터루츠 비어-틴 샴푸바 100g,18000,99999,,,2025-08-17 18:32:49,,https://image.thehyundai.com/static/3/6/3/45/A1/60A1453636_0_300.jpg
112,2,6,[사용기한 2026/09/04]아이소이 모이스춰 닥터크림(장수진 수분크림)45ml 듀얼 기획세트,53000,99999,,,2025-08-17 18:32:49,,https://image.thehyundai.com/static/4/5/6/44/A1/60A1446543_0_300.jpg
113,2,6,스킨케어 비건 쿠션 SPF38 PA++21호 세트(본품1개+리필2개),71000,99999,,,2025-08-17 18:32:49,,https://image.thehyundai.com/static/6/1/0/44/A1/60A1440163_0_300.jpg
114,2,6,모이스춰 닥터 토너(장수진토너) 130ml,15900,99999,,,2025-08-17 18:32:49,,https://image.thehyundai.com/static/2/0/7/36/A1/40A1367022_0_300.jpg
115,2,6,모이스춰 닥터 앰플(장수진앰플) 40ml,19900,99999,,,2025-08-17 18:32:49,,https://image.thehyundai.com/static/1/0/7/36/A1/40A1367019_0_300.jpg
116,2,6,모이스춰 닥터 크림(장수진 수분크림) 70ml,36000,99999,,,2025-08-17 18:32:49,,https://image.thehyundai.com/static/1/0/7/36/A1/40A1367018_0_300.jpg
117,2,6,인텐시브 탄력케어 2종(탄력크림/탄력세럼),121000,99999,,,2025-08-17 18:32:49,,https://image.thehyundai.com/static/0/8/2/27/A1/40A1272807_0_300.jpg
118,2,6,시카고 비건 패밀리 로션 350ml,39800,99999,,,2025-08-17 18:32:49,,https://image.thehyundai.com/static/9/4/9/26/A1/40A1269492_0_300.jpg
119,2,6,[스벅1잔]브라이트닝 패드 110g(60매)(잡티패드),17850,99999,,,2025-08-17 18:32:49,,https://image.thehyundai.com/static/5/8/9/24/A1/40A1249850_0_300.jpg
120,2,6,인텐시브 코어탄력크림EX60ml 더블세트,138000,99999,,,2025-08-17 18:32:49,,https://image.thehyundai.com/static/4/5/0/21/A1/40A1210544_0_300.jpg
121,2,6,아크니 퍼스트 스피디 스팟 트리플세트(14mlx3),74400,99999,,,2025-08-17 18:32:49,,https://image.thehyundai.com/static/9/1/9/01/A1/40A1019191_0_300.jpg
122,2,6,[스벅1잔][로즈 PDRN] 브라이트닝 세럼(NEW잡티로즈쎄럼) 50ml (+증정: 잡티크림 5mlx4개),48500,99999,,,2025-08-17 18:32:49,,https://image.thehyundai.com/static/4/3/5/97/A0/40A0975340_0_300.jpg
123,2,6,[스벅1잔]아이소이 에너자이징 크림 EX 60ml (+증정: 탄력세럼5mlx3개),55200,99999,,,2025-08-17 18:32:49,,https://image.thehyundai.com/static/3/3/5/97/A0/40A0975339_0_300.jpg
124,2,6,인텐시브 탄력케어 2종(탄력스팟/탄력세럼),91000,99999,,,2025-08-17 18:32:49,,https://image.thehyundai.com/static/3/8/7/79/A0/40A0797834_0_300.jpg
125,3,7,코-밍글 225g - 샤워 스크럽/바디 스크럽,45000,99999,,,2025-08-17 18:32:49,,https://image.thehyundai.com/static/7/1/2/57/A1/40A1572178_0_300.jpg
126,3,7,수퍼 밀크 250G - 컨디셔닝 헤어 프라이머,68000,99999,,,2025-08-17 18:32:49,,https://image.thehyundai.com/static/7/2/6/37/A1/40A1376277_0_300.jpg
127,3,7,뷰티 슬립 315g - 페이스 앤 보디 마스크/마스크 팩,56000,99999,,,2025-08-17 18:32:49,,https://image.thehyundai.com/static/3/7/4/23/A1/40A1234735_0_300.jpg
128,3,7,오렌지 665g - 샤워 스크럽/바디 스크럽,60000,99999,,,2025-08-17 18:32:49,,https://image.thehyundai.com/static/7/0/3/22/A1/40A1223070_0_300.jpg
129,3,7,사쿠라 200ml - 보디 스프레이/바디 스프레이,80000,99999,,,2025-08-17 18:32:49,,https://image.thehyundai.com/static/1/1/5/16/A1/40A1165117_0_300.jpg
130,3,7,슬리피 버블 바 200g - 버블 바/입욕제,21000,99999,,,2025-08-17 18:32:49,,https://image.thehyundai.com/static/7/5/1/09/A1/40A1091570_0_300.jpg
131,3,7,슬리피 95g - 보디 로션/바디 로션,26000,99999,,,2025-08-17 18:32:49,,https://image.thehyundai.com/static/1/6/5/05/A1/40A1055614_0_300.jpg
132,3,7,인터갈락틱 200g - 배쓰 밤/입욕제,17000,99999,,,2025-08-17 18:32:49,,https://image.thehyundai.com/static/0/2/5/83/A0/40A0835208_0_300.jpg
133,3,7,브라이트 사이드 - 버블 바/입욕제,21000,99999,,,2025-08-17 18:32:49,,https://image.thehyundai.com/static/4/5/3/83/A0/40A0833544_0_300.jpg
134,3,7,로즈 잼 500g - 샤워 젤/바디 워시,66000,99999,,,2025-08-17 18:32:49,,https://image.thehyundai.com/static/0/2/2/81/A0/40A0812203_0_300.jpg
135,3,7,대디오 500g - 리퀴드 샴푸,73000,99999,,,2025-08-17 18:32:50,,https://image.thehyundai.com/static/8/0/1/79/A0/40A0791086_0_300.jpg
136,3,7,더티 보디 스프레이 200ml - 보디 스프레이/바디 스프레이,70000,99999,,,2025-08-17 18:32:50,,https://image.thehyundai.com/static/7/0/1/79/A0/40A0791074_0_300.jpg
137,3,7,섹스밤 200g - 배쓰 밤/입욕제,15000,99999,,,2025-08-17 18:32:50,,https://image.thehyundai.com/static/8/8/0/79/A0/40A0790883_0_300.jpg
138,2,8,퓨처 스킨 쿠션 기획 세트,186150,99999,,,2025-08-17 18:32:50,,https://image.thehyundai.com/static/6/6/3/42/A1/40A1423661_0_300.jpg
139,2,8,루미네센트 아이섀이드 2.5g,80750,99999,,,2025-08-17 18:32:50,,https://image.thehyundai.com/static/1/7/3/94/A0/40A0943713_0_300.jpg
140,2,8,립 베일 2.5g,79050,99999,,,2025-08-17 18:32:50,,https://image.thehyundai.com/static/9/3/2/66/A0/40A0662392_0_300.jpg
141,2,9,콤부차배리옴 스킨케어 5종 기획(폼/토너/앰플/크림/마스크),170000,99999,,,2025-08-17 18:32:50,,https://image.thehyundai.com/static/4/8/8/57/A1/40A1578846_0_300.jpg
142,2,9,콤부차배리옴 베이직 2종 기획(폼/토너),56000,99999,,,2025-08-17 18:32:50,,https://image.thehyundai.com/static/7/0/8/57/A1/40A1578074_0_300.jpg
143,2,9,콤부차 배리옴 릴리프 마스크 (5매입),30000,99999,,,2025-08-17 18:32:50,,https://image.thehyundai.com/static/0/8/3/57/A1/40A1573806_0_300.jpg
144,2,9,콤부차 배리옴 인텐시브 크림,48000,99999,,,2025-08-17 18:32:50,,https://image.thehyundai.com/static/0/8/3/57/A1/40A1573802_0_300.jpg
145,2,9,콤부차 배리옴 래디언스 앰플,36000,99999,,,2025-08-17 18:32:50,,https://image.thehyundai.com/static/9/7/3/57/A1/40A1573797_0_300.jpg
146,2,9,콤부차 배리옴 에센스 토너,32000,99999,,,2025-08-17 18:32:50,,https://image.thehyundai.com/static/9/7/3/57/A1/40A1573793_0_300.jpg
147,2,9,콤부차 배리옴 마일드 포밍 클렌저,24000,99999,,,2025-08-17 18:32:50,,https://image.thehyundai.com/static/9/7/3/57/A1/40A1573791_0_300.jpg
148,5,10,너리싱 컨디셔너 1L,75000,99999,,,2025-08-17 18:53:59,,https://image.thehyundai.com/static/0/1/5/60/A0/40A0605104_0_300.jpg
149,5,10,모이스처라이징 트리트먼트 355ml,41000,99999,,,2025-08-17 18:53:59,,https://image.thehyundai.com/static/9/0/5/60/A0/40A0605092_0_300.jpg
150,5,10,모이스처라이징 샴푸 355ml,38000,99999,,,2025-08-17 18:53:59,,https://image.thehyundai.com/static/8/0/5/60/A0/40A0605089_0_300.jpg
151,5,10,데일리 컨디셔너 355ml,38000,99999,,,2025-08-17 18:53:59,,https://image.thehyundai.com/static/5/0/4/60/A0/40A0604056_0_300.jpg
152,2,11,토탈 아이 리프트 15ml,125000,99999,,,2025-08-17 18:53:59,,https://image.thehyundai.com/static/8/6/7/56/A1/40A1567682_0_300.jpg
153,2,11,젠틀 무스 클렌저 150ml,51000,99999,,,2025-08-17 18:53:59,,https://image.thehyundai.com/static/8/6/7/56/A1/40A1567680_0_300.jpg
154,2,11,맨 샴푸 앤 샤워 200ml,42000,99999,,,2025-08-17 18:53:59,,https://image.thehyundai.com/static/7/6/7/56/A1/40A1567678_0_300.jpg
155,2,11,맨 액티브 페이스 워시 125ml,42000,99999,,,2025-08-17 18:53:59,,https://image.thehyundai.com/static/7/6/7/56/A1/40A1567676_0_300.jpg
156,2,11,맨 엑스폴리에이팅 클렌져 125ml,42000,99999,,,2025-08-17 18:53:59,,https://image.thehyundai.com/static/7/6/7/56/A1/40A1567675_0_300.jpg
157,2,11,토닉 바디 샤워젤 200ml,44000,99999,,,2025-08-17 18:53:59,,https://image.thehyundai.com/static/7/6/7/56/A1/40A1567674_0_300.jpg
158,2,11,토탈 클렌징 오일 150ml,51000,99999,,,2025-08-17 18:53:59,,https://image.thehyundai.com/static/3/6/5/56/A1/40A1565634_0_300.jpg
159,2,11,토닝 로션 200ml,51000,99999,,,2025-08-17 18:53:59,,https://image.thehyundai.com/static/6/0/5/56/A1/40A1565069_0_300.jpg
160,2,11,립 컴포트 오일 7ml,41000,99999,,,2025-08-17 18:53:59,,https://image.thehyundai.com/static/9/7/8/54/A1/40A1548790_0_300.jpg
161,2,11,BEST 더블세럼 G9 30ml,127000,99999,,,2025-08-17 18:53:59,,https://image.thehyundai.com/static/2/8/7/54/A1/40A1547821_0_300.jpg
162,2,11,수퍼 레스토러티브 트리트먼트 에센스 200ml,110000,99999,,,2025-08-17 18:53:59,,https://image.thehyundai.com/static/0/1/4/54/A1/40A1544102_0_300.jpg
163,2,11,엑스트라 퍼밍 트리트먼트 에센스 200ml,90000,99999,,,2025-08-17 18:54:00,,https://image.thehyundai.com/static/6/0/4/54/A1/40A1544067_0_300.jpg
164,2,11,브라이트 플러스 모이스춰라이징 에멀전 75ml,94000,99999,,,2025-08-17 18:54:00,,https://image.thehyundai.com/static/4/4/2/47/A1/40A1472447_0_300.jpg
165,2,11,더블세럼 아이 20ml,128000,99999,,,2025-08-17 18:54:00,,https://image.thehyundai.com/static/0/4/4/38/A1/40A1384408_0_300.jpg
166,2,11,모이스처 리치 바디 로션 200ml,66000,99999,,,2025-08-17 18:54:00,,https://image.thehyundai.com/static/0/3/1/36/A1/40A1361301_0_300.jpg
167,2,11,뷔 쉐이핑 페이셜 리프트 아이 콘센트레이트 15ml,93000,99999,,,2025-08-17 18:54:00,,https://image.thehyundai.com/static/6/2/3/34/A1/40A1343264_0_300.jpg
168,2,11,캄 에센셜 트리트먼트 오일 30ml,89000,99999,,,2025-08-17 18:54:00,,https://image.thehyundai.com/static/3/0/1/33/A1/40A1331036_0_300.jpg
169,2,11,캄 에센셜 수딩 에멀전 50ml,79000,99999,,,2025-08-17 18:54:00,,https://image.thehyundai.com/static/3/0/1/33/A1/40A1331035_0_300.jpg
170,2,11,맨 에너자이징 아이 젤 15ml,68000,99999,,,2025-08-17 18:54:00,,https://image.thehyundai.com/static/6/2/5/32/A1/40A1325268_0_300.jpg
171,2,11,하이드라 에센셜 미스트 75ml,47000,99999,,,2025-08-17 18:54:00,,https://image.thehyundai.com/static/0/5/0/32/A1/40A1320505_0_300.jpg
172,2,11,BEST 더블세럼 G9 75ml 세트(+디럭스 5종+고급괄사),235000,99999,,,2025-08-17 18:54:00,,https://image.thehyundai.com/static/2/7/2/29/A1/40A1292727_0_300.jpg
173,2,11,벨벳 클렌징 밀크 200ml,51000,99999,,,2025-08-17 18:54:00,,https://image.thehyundai.com/static/7/4/1/27/A1/40A1271475_0_300.jpg
174,2,11,미셀라 클렌징 워터 200ml,51000,99999,,,2025-08-17 18:54:00,,https://image.thehyundai.com/static/6/4/1/27/A1/40A1271469_0_300.jpg
175,4,12,아가피 EDP 50ml,118000,99999,,,2025-08-17 18:54:00,,https://image.thehyundai.com/static/1/4/4/74/A1/40A1744411_0_300.jpg
176,4,12,아가피 EDP 100ml,182000,99999,,,2025-08-17 18:54:00,,https://image.thehyundai.com/static/0/4/4/74/A1/40A1744407_0_300.jpg
177,4,12,아쿠아 파라디시 EDT 50mL,91000,99999,,,2025-08-17 18:54:00,,https://image.thehyundai.com/static/3/8/1/67/A1/40A1671830_0_300.jpg
178,4,12,아쿠아 팔마리스  EDT 100ml,140000,99999,,,2025-08-17 18:54:00,,https://image.thehyundai.com/static/2/8/1/67/A1/40A1671823_0_300.jpg
179,4,12,아쿠아 님프 EDT 100ml,140000,99999,,,2025-08-17 18:54:00,,https://image.thehyundai.com/static/1/8/1/67/A1/40A1671819_0_300.jpg
180,4,12,아쿠아 미스터리 EDT 50ml,91000,99999,,,2025-08-17 18:54:00,,https://image.thehyundai.com/static/1/8/1/67/A1/40A1671818_0_300.jpg
181,4,12,아쿠아 미스터리 EDT 100ml,140000,99999,,,2025-08-17 18:54:00,,https://image.thehyundai.com/static/1/8/1/67/A1/40A1671816_0_300.jpg
182,4,12,아쿠아 미님 EDT 50mL,91000,99999,,,2025-08-17 18:54:01,,https://image.thehyundai.com/static/1/8/1/67/A1/40A1671814_0_300.jpg
183,4,12,아쿠아 밀레폴리아 EDT 50mL,91000,99999,,,2025-08-17 18:54:01,,https://image.thehyundai.com/static/1/8/1/67/A1/40A1671811_0_300.jpg
184,4,12,아쿠아 마제스테 EDT 50ml,91000,99999,,,2025-08-17 18:54:01,,https://image.thehyundai.com/static/0/8/1/67/A1/40A1671808_0_300.jpg
185,4,12,아쿠아 마제스테 EDT 100ml,140000,99999,,,2025-08-17 18:54:01,,https://image.thehyundai.com/static/0/8/1/67/A1/40A1671806_0_300.jpg
186,4,12,아쿠아 아만티아 EDT 50ml,91000,99999,,,2025-08-17 18:54:01,,https://image.thehyundai.com/static/0/8/1/67/A1/40A1671802_0_300.jpg
187,4,12,아쿠아 아만티아 EDT 100ml,140000,99999,,,2025-08-17 18:54:01,,https://image.thehyundai.com/static/0/8/1/67/A1/40A1671801_0_300.jpg
188,4,12,리산드라 EDP 100ml,182000,99999,,,2025-08-17 18:54:01,,https://image.thehyundai.com/static/9/7/1/67/A1/40A1671799_0_300.jpg
189,4,12,누비카 EDP 100ml,182000,99999,,,2025-08-17 18:54:01,,https://image.thehyundai.com/static/9/7/1/67/A1/40A1671797_0_300.jpg
190,4,12,아노리 EDP 100mL,225000,99999,,,2025-08-17 18:54:01,,https://image.thehyundai.com/static/9/7/1/67/A1/40A1671796_0_300.jpg
228,2,15,알파에르겐 샴푸 500ml + 트리트먼트 500ml + 헤어토닉 150ml + 아이래쉬세럼 5ml,162000,99999,,,2025-08-17 18:54:03,,https://image.thehyundai.com/static/8/9/3/00/A2/40A2003986_0_300.jpg
229,2,15,알파에르겐 샴푸 500ml + 트리트먼트 500ml + 헤어토닉 150ml,77000,99999,,,2025-08-17 18:54:03,,https://image.thehyundai.com/static/8/9/3/00/A2/40A2003982_0_300.jpg
230,2,15,알파에르겐 샴푸 500ml + 트리트먼트 500ml,54000,99999,,,2025-08-17 18:54:03,,https://image.thehyundai.com/static/7/9/3/00/A2/40A2003973_0_300.jpg
231,2,15,마난티오 바디미스트 105ml,30000,99999,,,2025-08-17 18:54:03,,https://image.thehyundai.com/static/1/1/9/96/A1/40A1969112_0_300.jpg
232,2,15,마난티오 바디로션 300ml,38000,99999,,,2025-08-17 18:54:03,,https://image.thehyundai.com/static/0/1/9/96/A1/40A1969107_0_300.jpg
233,2,15,마난티오 핸드포마드 50ml,27000,99999,,,2025-08-17 18:54:03,,https://image.thehyundai.com/static/1/4/8/96/A1/40A1968415_0_300.jpg
234,2,15,마난티오 바디클렌저 300ml,33000,99999,,,2025-08-17 18:54:03,,https://image.thehyundai.com/static/0/4/8/96/A1/40A1968405_0_300.jpg
235,2,15,알파에르겐 헤어토닉 150ml,28000,99999,,,2025-08-17 18:54:03,,https://image.thehyundai.com/static/4/3/8/96/A1/40A1968343_0_300.jpg
236,2,15,알파에르겐 트리트먼트 500ml,33000,99999,,,2025-08-17 18:54:03,,https://image.thehyundai.com/static/8/5/7/96/A1/40A1967581_0_300.jpg
237,2,15,알파에르겐 샴푸 500ml,38000,99999,,,2025-08-17 18:54:03,,https://image.thehyundai.com/static/2/7/5/96/A1/40A1965720_0_300.jpg
